Ticker,Expiration,TimeToMaturity,Strike,OptionType,LastPrice,Bid,Ask,ImpliedVolatility,BisectionIV,BisectionTime,Bs_price,Binom_price,American_binom_price,Binom_bisection_iv, Trinom_bisection_iv,InTheMoney
^VIX,2025-02-19,0.016438,9,Call,8.05,7.95,8.25,5.24219,0.0001,0.011397,6.90626,0,0,0.0001,0.0001,True
^VIX,2025-02-19,0.016438,10,Call,7.02,6.85,7.15,4.3711,0.0001,0.000833,5.90695,0,0,0.0001,0.0001,True
^VIX,2025-02-19,0.016438,10.5,Call,7.45,6.45,6.7,4.19141,0.0001,0.000477,5.4073,0,0,0.0001,0.0001,True
^VIX,2025-02-19,0.016438,11,Call,5.75,5.85,6.2,3.80469,0.0001,0.000515,4.90765,0,0,0.0001,0.0001,True
^VIX,2025-02-19,0.016438,11.5,Call,5.58,5.5,5.6,3.55859,0.0001,0.00048,4.40799,0,0,0.0001,0.0001,True
^VIX,2025-02-19,0.016438,12,Call,5.1,4.95,5.1,3.24024,0.0001,0.000484,3.90834,0,0,0.0001,0.0001,True
^VIX,2025-02-19,0.016438,12.5,Call,4.5,4.5,4.6,3.00781,0.0001,0.000413,3.40869,0,0,0.0001,0.0001,True
^VIX,2025-02-19,0.016438,13,Call,4.17,4,4.1,2.74219,0.0001,0.000328,2.90904,0,0,0.0001,0.0001,True
^VIX,2025-02-19,0.016438,13.5,Call,3.85,3.5,3.6,2.48438,2.85908,0.002471,3.55,0,0,2.85884,2.85773,True
^VIX,2025-02-19,0.016438,14,Call,3.32,2.98,3.1,2.21485,2.54898,0.002277,3.04,0,0,2.54735,2.54938,True
^VIX,2025-02-19,0.016438,14.5,Call,2.83,2.52,2.57,1.96484,2.26161,0.00205,2.545,0,0,2.26019,2.26034,True
^VIX,2025-02-19,0.016438,15,Call,2.17,2.04,2.09,1.73047,1.9907,0.00212,2.065,0,0,1.98843,1.99143,True
^VIX,2025-02-19,0.016438,15.5,Call,1.62,1.61,1.66,1.54102,1.77302,0.002071,1.635,0,0,1.77227,1.7742,True
^VIX,2025-02-19,0.016438,16,Call,1.32,1.26,1.31,1.41992,1.63254,0.002013,1.285,0,0,1.63182,1.63232,False
^VIX,2025-02-19,0.016438,16.5,Call,1.02,1,1.05,1.36524,1.56996,0.002189,1.025,0,0,1.56861,1.56898,False
^VIX,2025-02-19,0.016438,17,Call,0.87,0.81,0.86,1.35352,1.5579,0.002179,0.835004,0,0,1.55627,1.55756,False
^VIX,2025-02-19,0.016438,17.5,Call,0.86,0.68,0.73,1.37891,1.58876,0.001705,0.70493,0,0,1.58746,1.58923,False
^VIX,2025-02-19,0.016438,18,Call,0.74,0.57,0.62,1.4043,1.61775,0.002745,0.595001,0,0,1.61715,1.61848,False
^VIX,2025-02-19,0.016438,18.5,Call,0.64,0.5,0.54,1.45117,1.67121,0.00286,0.52,0,0,1.67346,1.67106,False
^VIX,2025-02-19,0.016438,19,Call,0.43,0.44,0.47,1.49219,1.71961,0.00301,0.455001,0,0,1.71865,1.71864,False
^VIX,2025-02-19,0.016438,19.5,Call,0.45,0.39,0.42,1.53906,1.77448,0.002853,0.404999,0,0,1.7733,1.77381,False
^VIX,2025-02-19,0.016438,20,Call,0.39,0.34,0.37,1.57422,1.8141,0.002628,0.355006,0,0,1.81641,1.81579,False
^VIX,2025-02-19,0.016438,20.5,Call,0.35,0.31,0.35,1.63672,1.88599,0.002937,0.329999,0,0,1.88455,1.88489,False
^VIX,2025-02-19,0.016438,21,Call,0.31,0.28,0.32,1.68164,1.93865,0.002477,0.300006,0,0,1.94032,1.93943,False
^VIX,2025-02-19,0.016438,21.5,Call,0.3,0.26,0.3,1.73828,2.00244,0.002889,0.279999,0,0,2.00182,2.00132,False
^VIX,2025-02-19,0.016438,22,Call,0.25,0.25,0.27,1.78516,2.05871,0.002874,0.259999,0,0,2.0581,2.06079,False
^VIX,2025-02-19,0.016438,22.5,Call,0.28,0.22,0.26,1.82813,2.10763,0.002794,0.239998,0,0,2.1103,2.1063,False
^VIX,2025-02-19,0.016438,23,Call,0.22,0.21,0.24,1.875,2.16181,0.002675,0.225004,0,0,2.1608,2.1626,False
^VIX,2025-02-19,0.016438,23.5,Call,0.23,0.19,0.21,1.89453,2.18345,0.002953,0.2,0,0,2.18516,2.18229,False
^VIX,2025-02-19,0.016438,24,Call,0.21,0.18,0.21,1.95313,2.25261,0.002858,0.194999,0,0,2.25594,2.25151,False
^VIX,2025-02-19,0.016438,24.5,Call,0.2,0.17,0.2,1.99609,2.30398,0.002847,0.185,0,0,2.30376,2.30584,False
^VIX,2025-02-19,0.016438,25,Call,0.21,0.16,0.2,2.05079,2.36616,0.002418,0.179985,0,0,2.36535,2.36666,False
^VIX,2025-02-19,0.016438,26,Call,0.18,0.15,0.18,2.13672,2.46564,0.002874,0.165,0,0,2.47052,2.46479,False
^VIX,2025-02-19,0.016438,27,Call,0.14,0.12,0.15,2.16407,2.49719,0.002702,0.134999,0,0,2.49755,2.49564,False
^VIX,2025-02-19,0.016438,28,Call,0.12,0.11,0.14,2.24219,2.58542,0.002771,0.124999,0,0,2.5906,2.58748,False
^VIX,2025-02-19,0.016438,29,Call,0.12,0.11,0.13,2.32813,2.68489,0.002773,0.119999,0,0,2.68571,2.68453,False
^VIX,2025-02-19,0.016438,30,Call,0.11,0.1,0.11,2.36719,2.73169,0.002859,0.105,0,0,2.73416,2.73169,False
^VIX,2025-02-19,0.016438,31,Call,0.11,0.08,0.11,2.42188,2.79005,0.002771,0.0950004,0,0,2.79349,2.78985,False
^VIX,2025-02-19,0.016438,32,Call,0.1,0.08,0.1,2.48438,2.86577,0.002775,0.0899997,0,0,2.86638,2.86398,False
^VIX,2025-02-19,0.016438,33,Call,0.17,0.07,0.1,2.54688,2.9354,0.002666,0.0850013,0,0,2.93717,2.9361,False
^VIX,2025-02-19,0.016438,34,Call,0.1,0.06,0.09,2.57032,2.96837,0.002293,0.0749929,0,0,2.97458,2.96755,False
^VIX,2025-02-19,0.016438,35,Call,0.08,0.06,0.09,2.64844,0.0001,0.000361,0,0,0,0.0001,0.0001,False
^VIX,2025-02-19,0.016438,36,Call,0.09,0.05,0.08,2.66407,0.0001,0.000345,0,0,0,0.0001,0.0001,False
^VIX,2025-02-19,0.016438,37,Call,0.1,0.05,0.08,2.73438,0.0001,0.000343,0,0,0,0.0001,0.0001,False
^VIX,2025-02-19,0.016438,38,Call,0.09,0.05,0.08,2.80469,0.0001,0.000342,0,0,0,0.0001,0.0001,False
^VIX,2025-02-19,0.016438,39,Call,0.08,0.05,0.08,2.875,0.0001,0.000342,0,0,0,0.0001,0.0001,False
^VIX,2025-02-19,0.016438,40,Call,0.06,0.05,0.07,2.90625,0.0001,0.000359,0,0,0,0.0001,0.0001,False
^VIX,2025-02-19,0.016438,42.5,Call,0.06,0.04,0.07,3.01563,0.0001,0.000344,0,0,0,0.0001,0.0001,False
^VIX,2025-02-19,0.016438,45,Call,0.05,0.03,0.06,3.0625,0.0001,0.000344,0,0,0,0.0001,0.0001,False
^VIX,2025-02-19,0.016438,47.5,Call,0.05,0.03,0.06,3.20313,0.0001,0.000413,0,0,0,0.0001,0.0001,False
^VIX,2025-02-19,0.016438,50,Call,0.04,0.02,0.05,3.21875,0.0001,0.000389,0,0,0,0.0001,0.0001,False
^VIX,2025-02-19,0.016438,55,Call,0.05,0.02,0.05,3.4375,0.0001,0.000418,0,0,0,0.0001,0.0001,False
^VIX,2025-02-19,0.016438,60,Call,0.03,0.01,0.05,3.5625,0.0001,0.000354,0,0,0,0.0001,0.0001,False
^VIX,2025-02-19,0.016438,65,Call,0.04,0,0.04,3.5625,0.0001,0.00036,0,0,0,0.0001,0.0001,False
^VIX,2025-02-19,0.016438,70,Call,0.03,0.01,0.05,3.90625,0.0001,0.000346,0,0,0,0.0001,0.0001,False
^VIX,2025-02-19,0.016438,75,Call,0.02,0,0.04,3.875,0.0001,0.000342,0,0,0,0.0001,0.0001,False
^VIX,2025-02-19,0.016438,80,Call,0.02,0,0.04,4,0.0001,0.000344,0,0,0,0.0001,0.0001,False
^VIX,2025-02-19,0.016438,85,Call,0.04,0,0.04,4.125,0.0001,0.000346,0,0,0,0.0001,0.0001,False
^VIX,2025-02-19,0.016438,90,Call,0.02,0,0.04,4.25,0.0001,0.000343,0,0,0,0.0001,0.0001,False
^VIX,2025-02-19,0.016438,95,Call,0.01,0,0.04,4.375,0.0001,0.000345,0,0,0,0.0001,0.0001,False
^VIX,2025-02-19,0.016438,100,Call,0.01,0,0.04,4.4375,0.0001,0.000345,0,0,0,0.0001,0.0001,False
^VIX,2025-02-19,0.016438,110,Call,0.01,0,0.02,4.375,0.0001,0.000342,0,0,0,0.0001,0.0001,False
^VIX,2025-02-19,0.016438,120,Call,0.02,0,0.02,4.5,0.0001,0.000347,0,0,0,0.0001,0.0001,False
^VIX,2025-02-19,0.016438,130,Call,0.01,0,0.02,4.6875,0.0001,0.000346,0,0,0,0.0001,0.0001,False
^VIX,2025-02-19,0.016438,140,Call,0.01,0,0.02,4.8125,0.0001,0.000369,0,0,0,0.0001,0.0001,False
^VIX,2025-02-19,0.016438,150,Call,0.01,0,0.02,4.9375,0.0001,0.000358,0,0,0,0.0001,0.0001,False
^VIX,2025-02-19,0.016438,160,Call,0.01,0,0.02,5.0625,0.0001,0.000357,0,0,0,0.0001,0.0001,False
^VIX,2025-02-19,0.016438,170,Call,0.07,0,0.02,5.125,0.0001,0.00036,0,0,0,0.0001,0.0001,False
^VIX,2025-02-19,0.016438,180,Call,0.02,0,0.02,5.25,0.0001,0.000347,0,0,0,0.0001,0.0001,False
^VIX,2025-02-19,0.016438,185,Call,0.01,0,0.02,5.3125,0.0001,0.000345,0,0,0,0.0001,0.0001,False
^VIX,2025-02-19,0.016438,190,Call,0.06,0,0,0.500005,0.0001,0.000345,0,0,0,0.0001,0.0001,False
^VIX,2025-02-19,0.016438,195,Call,0.1,0,0.03,5.625,0.0001,0.000347,0,0,0,0.0001,0.0001,False
^VIX,2025-02-19,0.016438,200,Call,0.01,0,0.01,5.125,0.0001,0.000348,0,0,0,0.0001,0.0001,False
^VIX,2025-02-19,0.016438,9,Put,0.01,0,0.01,1.5,1.91376,0.00238,0.0100031,0,0,1.91594,1.91502,False
^VIX,2025-02-19,0.016438,10,Put,0.01,0,0.01,1.25,1.59041,0.002332,0.0100036,0,0,1.59528,1.58939,False
^VIX,2025-02-19,0.016438,10.5,Put,0.01,0,0.01,1.125,1.43951,0.002481,0.0100008,0,0,1.4425,1.43887,False
^VIX,2025-02-19,0.016438,11,Put,0.01,0,0.01,1.00001,1.29478,0.002648,0.0100003,0,0,1.29609,1.29549,False
^VIX,2025-02-19,0.016438,11.5,Put,0.01,0,0.01,0.906251,1.15527,0.002185,0.00998925,0,0,1.15634,1.15569,False
^VIX,2025-02-19,0.016438,12,Put,0.01,0,0.01,0.812502,1.02081,0.002468,0.00999871,0,0,1.02269,1.02022,False
^VIX,2025-02-19,0.016438,12.5,Put,0.01,0,0.01,0.687503,0.89026,0.002468,0.00999839,0,0,0.891988,0.890341,False
^VIX,2025-02-19,0.016438,13,Put,0.01,0,0.01,0.593754,0.763155,0.0027,0.0100001,0,0,0.763579,0.763121,False
^VIX,2025-02-19,0.016438,13.5,Put,0.01,0,0.01,0.500005,0.635821,0.001607,0.0097101,0,0,0.640055,0.638533,False
^VIX,2025-02-19,0.016438,14,Put,0.01,0,0.02,0.500005,0.516246,0.002688,0.0100013,0,0,0.516417,0.51604,False
^VIX,2025-02-19,0.016438,14.5,Put,0.01,0.01,0.02,0.390631,0.425194,0.002632,0.0149992,0,0,0.425949,0.425188,False
^VIX,2025-02-19,0.016438,15,Put,0.04,0.03,0.05,0.343757,0.376541,0.002426,0.0400041,0,0,0.376286,0.376638,False
^VIX,2025-02-19,0.016438,15.5,Put,0.11,0.09,0.12,0.296882,0.324515,0.002116,0.105002,0,0,0.324253,0.324905,False
^VIX,2025-02-19,0.016438,16,Put,0.26,0.23,0.26,0.218758,0.242041,0.002049,0.245001,0,0,0.241751,0.0001,True
^VIX,2025-02-19,0.016438,16.5,Put,0.47,0.48,0.52,1e-05,0.0001,0.000273,0.588531,0,0,0.0001,0.0001,True
^VIX,2025-02-19,0.016438,17,Put,0.73,0.79,0.84,1e-05,0.0001,0.000262,1.08818,0,0,0.0001,0.0001,True
^VIX,2025-02-19,0.016438,17.5,Put,1.04,1.16,1.21,1e-05,0.0001,0.000261,1.58784,0,0,0.0001,0.0001,True
^VIX,2025-02-19,0.016438,18,Put,1.55,1.55,1.6,1e-05,0.0001,0.000327,2.08749,0,0,0.0001,0.0001,True
^VIX,2025-02-19,0.016438,18.5,Put,2.15,1.97,2.02,1e-05,0.0001,0.000334,2.58714,0,0,0.0001,0.0001,True
^VIX,2025-02-19,0.016438,19,Put,2.2,2.4,2.46,1e-05,0.0001,0.000321,3.08679,0,0,0.0001,0.0001,True
^VIX,2025-02-19,0.016438,19.5,Put,2.95,2.84,2.9,1e-05,0.0001,0.000346,3.58645,0,0,0.0001,0.0001,True
^VIX,2025-02-19,0.016438,20,Put,3.17,3.3,3.4,1e-05,0.0001,0.000323,4.0861,0,0,0.0001,0.0001,True
^VIX,2025-02-19,0.016438,20.5,Put,4.2,3.75,3.85,1e-05,0.0001,0.000329,4.58575,0,0,0.0001,0.0001,True
^VIX,2025-02-19,0.016438,21,Put,4.6,4.25,4.35,1e-05,0.0001,0.000324,5.0854,0,0,0.0001,0.0001,True
^VIX,2025-02-19,0.016438,22,Put,5.6,5.2,5.3,1e-05,0.0001,0.000348,6.08471,0,0,0.0001,0.0001,True
^VIX,2025-02-19,0.016438,22.5,Put,5.85,5.65,5.75,1e-05,0.0001,0.000361,6.58436,0,0,0.0001,0.0001,True
^VIX,2025-02-19,0.016438,23,Put,6.15,6.15,6.25,1e-05,0.0001,0.00036,7.08401,0,0,0.0001,0.0001,True
^VIX,2025-02-19,0.016438,23.5,Put,6.55,6.65,6.75,1e-05,0.0001,0.000364,7.58367,0,0,0.0001,0.0001,True
^VIX,2025-02-19,0.016438,24,Put,7.24,7.1,7.2,1e-05,0.0001,0.000348,8.08332,0,0,0.0001,0.0001,True
^VIX,2025-02-19,0.016438,24.5,Put,8,7.6,7.7,1e-05,0.0001,0.000345,8.58297,0,0,0.0001,0.0001,True
^VIX,2025-02-19,0.016438,25,Put,7.8,8.1,8.25,1e-05,0.0001,0.000348,9.08262,0,0,0.0001,0.0001,True
^VIX,2025-02-19,0.016438,26,Put,9.25,9.05,9.15,1e-05,0.0001,0.000349,10.0819,0,0,0.0001,0.0001,True
^VIX,2025-02-19,0.016438,27,Put,10.3,10.1,10.2,1e-05,0.0001,0.000348,11.0812,0,0,0.0001,0.000136957,True
^VIX,2025-02-19,0.016438,28,Put,11.25,11.05,11.15,1e-05,0.0001,0.000344,12.0805,0,0,0.0001,0.000136957,True
^VIX,2025-02-19,0.016438,29,Put,11.87,12,12.1,1e-05,0.0001,0.000358,13.0798,0,0,0.0001,0.0001,True
^VIX,2025-02-19,0.016438,30,Put,12.8,13,13.1,1e-05,0.0001,0.000344,14.0791,0,0,0.0001,0.0001,True
^VIX,2025-02-19,0.016438,31,Put,14.45,14,14.1,1e-05,0.0001,0.000346,15.0785,0,0,0.0001,0.0001,True
^VIX,2025-02-19,0.016438,32,Put,15.3,15.05,15.15,1e-05,0.0001,0.000356,16.0778,0,0,0.0001,0.0001,True
^VIX,2025-02-19,0.016438,33,Put,16.3,15.95,16.05,1e-05,0.0001,0.000343,17.0771,0,0,0.0001,0.0001,True
^VIX,2025-02-19,0.016438,34,Put,17.5,17,17.1,1e-05,0.0001,0.000346,18.0764,0,0,0.0001,0.0001,True
^VIX,2025-02-19,0.016438,35,Put,18.37,17.95,18.1,1e-05,0.0001,0.000344,19.0757,0,0,0.0001,0.0001,True
^VIX,2025-02-19,0.016438,36,Put,19.45,18.95,19.1,1e-05,0.0001,0.000344,20.075,0,0,0.0001,0.0001,True
^VIX,2025-02-19,0.016438,37,Put,20.2,20,20.1,1e-05,0.0001,0.000345,21.0743,0,0,0.0001,0.0001,True
^VIX,2025-02-19,0.016438,38,Put,21.15,20.95,21.05,1e-05,0.0001,0.000346,22.0736,0,0,0.0001,0.0001,True
^VIX,2025-02-19,0.016438,39,Put,22.75,22,22.1,1e-05,0.0001,0.000342,23.0729,0,0,0.0001,0.0001,True
^VIX,2025-02-19,0.016438,40,Put,22.75,23,23.1,1e-05,0.0001,0.00036,24.0722,0,0,0.0001,0.0001,True
^VIX,2025-02-19,0.016438,42.5,Put,25.9,25.45,25.55,1e-05,0.0001,0.000344,26.5705,0,0,0.0001,0.0001,True
^VIX,2025-02-19,0.016438,45,Put,28.3,28,28.1,1e-05,0.0001,0.000343,29.0687,0,0,0.0001,0.0001,True
^VIX,2025-02-19,0.016438,47.5,Put,30.85,30.5,30.6,1e-05,0.0001,0.000383,31.567,0,0,0.0001,0.0001,True
^VIX,2025-02-19,0.016438,50,Put,33.15,32.95,33.1,1e-05,0.0001,0.000393,34.0652,0,0,0.0001,0.0001,True
^VIX,2025-02-19,0.016438,55,Put,38.35,37.95,38.05,1e-05,0.0001,0.000354,39.0618,0,0,0.0001,0.0001,True
^VIX,2025-02-19,0.016438,60,Put,42.8,42.9,43.05,1e-05,0.0001,0.000343,44.0583,0,0,0.0001,0.0001,True
^VIX,2025-02-19,0.016438,65,Put,48.37,47.9,48,1e-05,0.0001,0.000377,49.0548,0,0,0.0001,0.0001,True
^VIX,2025-02-19,0.016438,70,Put,52.31,52.95,53.05,1e-05,0.0001,0.000346,54.0513,0,0,0.0001,0.0001,True
^VIX,2025-02-19,0.016438,75,Put,58.35,57.9,58,1e-05,0.0001,0.000345,59.0479,0,0,0.0001,0.0001,True
^VIX,2025-02-19,0.016438,80,Put,63,62.9,63,1e-05,0.0001,0.000361,64.0444,0,0,0.0001,0.000116715,True
^VIX,2025-02-19,0.016438,85,Put,68.05,67.95,68.05,1e-05,0.0001,0.000343,69.0409,0,0,0.0001,0.00024642,True
^VIX,2025-02-19,0.016438,95,Put,77.6,77.85,77.95,1e-05,0.0001,0.000348,79.034,0,0,0.0001,0.000116625,True
^VIX,2025-02-19,0.016438,100,Put,83.3,82.85,83,1e-05,0.0001,0.000349,84.0305,0,0,0.0001,0.0001,True
^VIX,2025-02-19,0.016438,110,Put,92.6,92.9,93,1e-05,0.0001,0.000346,94.0235,0,0,0.0001,0.0001,True
^VIX,2025-02-19,0.016438,120,Put,102.2,102.85,102.95,1e-05,0.0001,0.000341,104.017,0,0,0.0001,0.000117135,True
^VIX,2025-02-19,0.016438,130,Put,111.8,112.1,112.55,1e-05,0.0001,0.000342,114.01,0,0,0.0001,0.000221641,True
^VIX,2025-02-19,0.016438,140,Put,122.95,122.8,122.95,1e-05,0.0001,0.000371,124.003,0,0,0.0001,0.0001,True
^VIX,2025-02-19,0.016438,150,Put,132.35,132.8,132.9,1e-05,0.0001,0.000356,133.996,0,0,0.0001,0.000248935,True
^VIX,2025-02-19,0.016438,180,Put,161.38,161.45,161.75,1e-05,0.0001,0.000374,163.975,0,0,0.0001,0.000253516,True
^VIX,2025-02-19,0.016438,195,Put,171.94,172.2,172.5,1e-05,0.0001,0.000353,178.964,0,0,0.0001,0.000247884,True
^VIX,2025-02-19,0.016438,200,Put,183,182.7,182.95,1e-05,0.0001,0.000348,183.961,0,0,0.0001,0.000142107,True
^VIX,2025-03-18,0.090411,10,Call,7.7,7.45,7.75,2.59571,2.65441,0.002569,7.6,0,0,2.65284,2.6539,True
^VIX,2025-03-18,0.090411,10.5,Call,6.9,6.95,7.25,2.42286,2.47678,0.002476,7.1,0,0,2.47671,2.47527,True
^VIX,2025-03-18,0.090411,11,Call,6.75,6.5,6.75,2.27735,2.32694,0.002789,6.625,0,0,2.32391,2.32621,True
^VIX,2025-03-18,0.090411,11.5,Call,6.25,6.1,6.2,2.13672,2.18263,0.002431,6.15,0,0,2.17896,2.18495,True
^VIX,2025-03-18,0.090411,12,Call,5.85,5.55,5.65,1.9502,1.98995,0.002647,5.6,0,0,1.98746,1.9904,True
^VIX,2025-03-18,0.090411,12.5,Call,5.3,5.1,5.2,1.83594,1.87341,0.002212,5.15001,0,0,1.87495,1.87223,True
^VIX,2025-03-18,0.090411,13,Call,4.81,4.65,4.75,1.72461,1.75838,0.002327,4.7,0,0,1.75646,1.75933,True
^VIX,2025-03-18,0.090411,13.5,Call,4.19,4.1,4.2,1.55274,1.582,0.002255,4.15,0,0,1.57986,1.58215,True
^VIX,2025-03-18,0.090411,14,Call,3.95,3.7,3.8,1.47364,1.50064,0.001997,3.75,0,0,1.50219,1.50015,True
^VIX,2025-03-18,0.090411,14.5,Call,3.37,3.25,3.35,1.36328,1.38762,0.002171,3.3,0,0,1.38578,1.3877,True
^VIX,2025-03-18,0.090411,15,Call,2.95,2.92,2.96,1.29981,1.32348,0.002122,2.94,0,0,1.32456,1.32359,True
^VIX,2025-03-18,0.090411,16,Call,2.47,2.35,2.4,1.23829,1.26138,0.002113,2.375,0,0,1.26154,1.26186,False
^VIX,2025-03-18,0.090411,17,Call,2.03,1.97,2.01,1.23926,1.26378,0.002017,1.99,0,0,1.26303,1.26303,False
^VIX,2025-03-18,0.090411,18,Call,1.74,1.71,1.77,1.28028,1.30697,0.002208,1.74,0,0,1.30621,1.3062,False
^VIX,2025-03-18,0.090411,19,Call,1.57,1.51,1.56,1.31934,1.34891,0.002271,1.535,0,0,1.34933,1.34814,False
^VIX,2025-03-18,0.090411,20,Call,1.36,1.33,1.37,1.34961,1.38081,0.002882,1.35,0,0,1.38136,1.37995,False
^VIX,2025-03-18,0.090411,21,Call,1.29,1.2,1.24,1.39356,1.42599,0.002511,1.21999,0,0,1.42441,1.42556,False
^VIX,2025-03-18,0.090411,22,Call,1.12,1.09,1.14,1.4375,1.47165,0.002878,1.115,0,0,1.47142,1.47333,False
^VIX,2025-03-18,0.090411,23,Call,1.02,1,1.04,1.47559,1.51151,0.002876,1.02,0,0,1.51069,1.51075,False
^VIX,2025-03-18,0.090411,24,Call,0.95,0.91,0.95,1.50684,1.54407,0.002769,0.929999,0,0,1.54331,1.54392,False
^VIX,2025-03-18,0.090411,25,Call,0.86,0.84,0.88,1.54199,1.58054,0.003076,0.860001,0,0,1.57976,1.5804,False
^VIX,2025-03-18,0.090411,26,Call,0.82,0.79,0.83,1.58301,1.6231,0.003118,0.809999,0,0,1.62392,1.62303,False
^VIX,2025-03-18,0.090411,27,Call,0.76,0.74,0.78,1.61817,1.65936,0.002839,0.760003,0,0,1.65781,1.65863,False
^VIX,2025-03-18,0.090411,28,Call,0.74,0.69,0.73,1.64746,1.68973,0.002977,0.710002,0,0,1.69048,1.69086,False
^VIX,2025-03-18,0.090411,29,Call,0.66,0.65,0.69,1.67969,1.72237,0.003034,0.670001,0,0,1.7225,1.7213,False
^VIX,2025-03-18,0.090411,30,Call,0.64,0.6,0.64,1.69824,1.74214,0.003077,0.620001,0,0,1.74081,1.743,False
^VIX,2025-03-18,0.090411,31,Call,0.61,0.58,0.61,1.73242,1.77794,0.00273,0.595006,0,0,1.77837,1.77811,False
^VIX,2025-03-18,0.090411,32,Call,0.55,0.55,0.58,1.75977,1.80595,0.00297,0.565001,0,0,1.80762,1.80482,False
^VIX,2025-03-18,0.090411,33,Call,0.56,0.51,0.55,1.7793,1.82589,0.002907,0.529997,0,0,1.82483,1.82642,False
^VIX,2025-03-18,0.090411,34,Call,0.55,0.49,0.53,1.80859,1.85618,0.003116,0.510001,0,0,1.8552,1.85716,False
^VIX,2025-03-18,0.090411,35,Call,0.48,0.47,0.5,1.83008,1.87902,0.002296,0.485047,0,0,1.88021,1.87795,False
^VIX,2025-03-18,0.090411,36,Call,0.48,0.45,0.48,1.85547,1.9039,0.002865,0.464997,0,0,1.90621,1.90303,False
^VIX,2025-03-18,0.090411,37,Call,0.44,0.42,0.46,1.87109,1.9212,0.002522,0.439978,0,0,1.92074,1.92262,False
^VIX,2025-03-18,0.090411,38,Call,0.44,0.4,0.44,1.89063,1.94117,0.003205,0.42,0,0,1.94018,1.94147,False
^VIX,2025-03-18,0.090411,39,Call,0.41,0.39,0.42,1.91211,1.96432,0.002906,0.404997,0,0,1.96434,1.96326,False
^VIX,2025-03-18,0.090411,40,Call,0.38,0.37,0.4,1.92773,1.9799,0.002679,0.385005,0,0,1.98274,1.97897,False
^VIX,2025-03-18,0.090411,42.5,Call,0.36,0.33,0.36,1.96875,2.02153,0.002669,0.345004,0,0,2.02088,2.02167,False
^VIX,2025-03-18,0.090411,45,Call,0.3,0.3,0.33,2.00977,2.06498,0.002989,0.315,0,0,2.06652,2.06414,False
^VIX,2025-03-18,0.090411,47.5,Call,0.28,0.27,0.3,2.04297,2.09936,0.002964,0.285,0,0,2.10033,2.10006,False
^VIX,2025-03-18,0.090411,50,Call,0.25,0.25,0.28,2.08204,2.14016,0.003086,0.264999,0,0,2.13986,2.13883,False
^VIX,2025-03-18,0.090411,55,Call,0.25,0.21,0.24,2.14454,2.20265,0.002819,0.225001,0,0,2.20423,2.20198,False
^VIX,2025-03-18,0.090411,60,Call,0.2,0.18,0.21,2.19922,2.26017,0.003042,0.195001,0,0,2.26216,2.26201,False
^VIX,2025-03-18,0.090411,65,Call,0.19,0.16,0.18,2.2461,2.30954,0.002967,0.169999,0,0,2.3108,2.30813,False
^VIX,2025-03-18,0.090411,70,Call,0.14,0.14,0.17,2.30079,2.36644,0.002961,0.154999,0,0,2.36794,2.36918,False
^VIX,2025-03-18,0.090411,75,Call,0.13,0.13,0.15,2.34766,2.41257,0.002699,0.140002,0,0,2.41772,2.4111,False
^VIX,2025-03-18,0.090411,80,Call,0.12,0.11,0.14,2.38282,2.44852,0.002892,0.124999,0,0,2.44957,2.44993,False
^VIX,2025-03-18,0.090411,85,Call,0.11,0.1,0.13,2.42188,2.48956,0.002928,0.114999,0,0,2.49286,2.48898,False
^VIX,2025-03-18,0.090411,90,Call,0.1,0.09,0.12,2.45313,2.52341,0.002917,0.105001,0,0,2.52882,2.52222,False
^VIX,2025-03-18,0.090411,95,Call,0.11,0.09,0.11,2.5,2.56732,0.002875,0.0999992,0,0,2.56965,2.56898,False
^VIX,2025-03-18,0.090411,100,Call,0.09,0.08,0.11,2.53516,2.60707,0.001956,0.0951041,0,0,2.60848,2.60765,False
^VIX,2025-03-18,0.090411,110,Call,0.07,0.07,0.09,2.57813,2.65343,0.002625,0.0800027,0,0,2.66021,2.65326,False
^VIX,2025-03-18,0.090411,120,Call,0.09,0.06,0.08,2.625,2.70265,0.002775,0.0699996,0,0,2.70519,2.70183,False
^VIX,2025-03-18,0.090411,130,Call,0.07,0.05,0.08,2.6875,2.7623,0.002606,0.0649983,0,0,2.76802,2.76099,False
^VIX,2025-03-18,0.090411,140,Call,0.05,0.04,0.07,2.71094,2.786,0.002661,0.0550008,0,0,2.79025,2.78636,False
^VIX,2025-03-18,0.090411,150,Call,0.05,0.04,0.06,2.75,2.82618,0.002706,0.0499996,0,0,2.82995,2.82446,False
^VIX,2025-03-18,0.090411,160,Call,0.04,0.03,0.06,2.78125,2.85836,0.002653,0.0450009,0,0,2.86712,2.86025,False
^VIX,2025-03-18,0.090411,170,Call,0.05,0.03,0.05,2.79688,2.88268,0.00264,0.0399995,0,0,2.88843,2.88173,False
^VIX,2025-03-18,0.090411,180,Call,0.04,0.02,0.05,2.8125,2.89897,0.002306,0.0349947,0,0,2.90376,2.89821,False
^VIX,2025-03-18,0.090411,185,Call,0.03,0.02,0.05,2.84375,2.92515,0.002687,0.0350011,0,0,2.93031,2.92488,False
^VIX,2025-03-18,0.090411,195,Call,0.05,0.02,0.04,2.84375,2.93119,0.002597,0.0300011,0,0,2.94214,2.9313,False
^VIX,2025-03-18,0.090411,200,Call,0.02,0.02,0.04,2.875,2.95491,0.002719,0.0300005,0,0,2.96555,2.95448,False
^VIX,2025-03-18,0.090411,10,Put,0.01,0,0.01,0.593754,0.682231,0.002849,0.0100005,0,0,0.684102,0.681819,False
^VIX,2025-03-18,0.090411,10.5,Put,0.01,0,0.01,0.54688,0.617929,0.002734,0.00999943,0,0,0.618798,0.617917,False
^VIX,2025-03-18,0.090411,11,Put,0.01,0,0.02,0.531255,0.556259,0.002816,0.0100007,0,0,0.556671,0.556808,False
^VIX,2025-03-18,0.090411,11.5,Put,0.01,0,0.02,0.531255,0.496883,0.002553,0.0100009,0,0,0.497409,0.496706,False
^VIX,2025-03-18,0.090411,12,Put,0.01,0.01,0.02,0.468755,0.46662,0.002626,0.0149992,0,0,0.467387,0.466391,False
^VIX,2025-03-18,0.090411,12.5,Put,0.02,0.01,0.03,0.441412,0.427903,0.00288,0.0199996,0,0,0.428375,0.427826,False
^VIX,2025-03-18,0.090411,13,Put,0.03,0.03,0.04,0.40235,0.409506,0.002943,0.0349996,0,0,0.409453,0.409236,False
^VIX,2025-03-18,0.090411,13.5,Put,0.06,0.04,0.07,0.386725,0.383509,0.003002,0.0550004,0,0,0.384247,0.383284,False
^VIX,2025-03-18,0.090411,14,Put,0.09,0.09,0.1,0.355475,0.367673,0.002917,0.0949995,0,0,0.367914,0.367476,False
^VIX,2025-03-18,0.090411,14.5,Put,0.18,0.17,0.2,0.365241,0.373186,0.002964,0.185,0,0,0.373157,0.373067,False
^VIX,2025-03-18,0.090411,15,Put,0.29,0.31,0.34,0.367194,0.379963,0.002244,0.324999,0,0,0.379566,0.380055,False
^VIX,2025-03-18,0.090411,16,Put,0.75,0.73,0.77,0.365241,0.382678,0.00214,0.749999,0,0,0.382252,0.382447,True
^VIX,2025-03-18,0.090411,17,Put,1.36,1.34,1.38,0.34278,0.370191,0.002224,1.36,0,0,0.37003,0.370411,True
^VIX,2025-03-18,0.090411,18,Put,2.08,2.07,2.12,0.230476,0.298928,0.002834,2.095,0,0,0.298975,0.298868,True
^VIX,2025-03-18,0.090411,19,Put,2.87,2.84,2.9,1e-05,0.0001,0.000275,3.02748,0,0,0.0001,0.000292819,True
^VIX,2025-03-18,0.090411,20,Put,3.63,3.7,3.75,1e-05,0.0001,0.00034,4.02366,0,0,0.0001,0.000292819,True
^VIX,2025-03-18,0.090411,21,Put,4.4,4.55,4.6,1e-05,0.0001,0.000318,5.01984,0,0,0.0001,0.000284396,True
^VIX,2025-03-18,0.090411,22,Put,5.3,5.4,5.45,1e-05,0.0001,0.000347,6.01602,0,0,0.0001,0.000292881,True
^VIX,2025-03-18,0.090411,23,Put,6.5,6.3,6.4,1e-05,0.0001,0.000311,7.01221,0,0,0.0001,0.000294213,True
^VIX,2025-03-18,0.090411,24,Put,7.04,7.25,7.3,1e-05,0.0001,0.00037,8.00839,0,0,0.0001,0.000292819,True
^VIX,2025-03-18,0.090411,25,Put,8.1,8.15,8.2,1e-05,0.0001,0.000334,9.00457,0,0,0.0001,0.000284403,True
^VIX,2025-03-18,0.090411,26,Put,9.05,9.1,9.2,1e-05,0.0001,0.000326,10.0008,0,0,0.0001,0.000407304,True
^VIX,2025-03-18,0.090411,27,Put,10.44,10.05,10.1,1e-05,0.0001,0.000328,10.9969,0,0,0.0001,0.000292881,True
^VIX,2025-03-18,0.090411,28,Put,11.1,11,11.1,1e-05,0.0001,0.000326,11.9931,0,0,0.0001,0.000408882,True
^VIX,2025-03-18,0.090411,29,Put,11.82,11.9,12,1e-05,0.0001,0.000337,12.9893,0,0,0.0001,0.000375262,True
^VIX,2025-03-18,0.090411,30,Put,13.1,12.85,12.95,1e-05,0.0001,0.000326,13.9855,0,0,0.0001,0.00029098,True
^VIX,2025-03-18,0.090411,31,Put,14.2,13.8,13.95,1e-05,0.0001,0.000341,14.9817,0,0,0.0001,0.000284397,True
^VIX,2025-03-18,0.090411,32,Put,15.02,14.85,14.9,1e-05,0.0001,0.000326,15.9779,0,0,0.0001,0.000403118,True
^VIX,2025-03-18,0.090411,33,Put,16.05,15.45,15.85,1e-05,0.0001,0.000346,16.974,0,0,0.0001,0.000284407,True
^VIX,2025-03-18,0.090411,34,Put,16.45,16.4,16.8,1e-05,0.0001,0.000324,17.9702,0,0,0.0001,0.000398258,True
^VIX,2025-03-18,0.090411,35,Put,18.05,17.7,17.8,1e-05,0.0001,0.000322,18.9664,0,0,0.0001,0.000407029,True
^VIX,2025-03-18,0.090411,37,Put,18.85,19.7,19.8,1e-05,0.0001,0.000326,20.9588,0,0,0.0001,0.000402914,True
^VIX,2025-03-18,0.090411,38,Put,19.6,20.6,20.7,1e-05,0.0001,0.000328,21.955,0,0,0.0001,0.000284407,True
^VIX,2025-03-18,0.090411,39,Put,21.35,21.65,21.75,1e-05,0.0001,0.000325,22.9511,0,0,0.0001,0.000284496,True
^VIX,2025-03-18,0.090411,40,Put,22.54,22.6,22.7,1e-05,0.0001,0.000326,23.9473,0,0,0.0001,0.000378321,True
^VIX,2025-03-18,0.090411,42.5,Put,25.25,25,25.15,1e-05,0.0001,0.000325,26.4378,0,0,0.0001,0.000319655,True
^VIX,2025-03-18,0.090411,45,Put,27.6,27.5,27.6,1e-05,0.0001,0.000368,28.9282,0,0,0.0001,0.000403742,True
^VIX,2025-03-18,0.090411,47.5,Put,29.95,29.5,29.65,1e-05,0.0001,0.000346,31.4187,0,0,0.0001,0.000372398,True
^VIX,2025-03-18,0.090411,50,Put,32.71,32.45,32.55,1e-05,0.0001,0.000348,33.9091,0,0,0.0001,0.000562412,True
^VIX,2025-03-18,0.090411,55,Put,37.67,37.35,37.45,1e-05,0.0001,0.000344,38.8901,0,0,0.0001,0.00031146,True
^VIX,2025-03-18,0.090411,60,Put,42.27,42.3,42.4,1e-05,0.0001,0.000344,43.871,0,0,0.0001,0.000563698,True
^VIX,2025-03-18,0.090411,70,Put,52.54,52.2,52.3,1e-05,0.0001,0.000345,53.8328,0,0,0.0001,0.000310185,True
^VIX,2025-03-18,0.090411,80,Put,61.95,61.55,61.65,1e-05,0.0001,0.000347,63.7946,0,0,0.0001,0.000367019,True
^VIX,2025-03-18,0.090411,100,Put,81.35,82.05,82.15,1e-05,0.0001,0.000349,83.7183,0,0,0.0001,0.000367121,True
^VIX,2025-03-18,0.090411,110,Put,90.85,91.35,91.8,1e-05,0.0001,0.000347,93.6801,0,0,0.0001,0.000198455,True
^VIX,2025-03-18,0.090411,120,Put,102,102,102.05,1e-05,0.0001,0.000346,103.642,0,0,0.0001,0.000272246,True
^VIX,2025-03-18,0.090411,150,Put,130.36,0,0,1e-05,0.0001,0.000341,133.527,0,0,0.0001,0.000210752,True
^VIX,2025-03-18,0.090411,180,Put,159.65,160.7,160.95,1e-05,0.0001,0.000344,163.413,0,0,0.0001,0.0001,True
^VIX,2025-03-18,0.090411,195,Put,173.75,176.45,176.75,1e-05,0.0001,0.000368,178.356,0,0,0.0001,0.000210712,True
^VIX,2025-03-18,0.090411,200,Put,181.7,181.5,181.75,1e-05,0.0001,0.00035,183.337,0,0,0.0001,0.0001,True
^VIX,2025-04-16,0.169863,10,Call,8.05,8.05,8.15,2.22071,2.23343,0.002259,8.10004,0,0,2.22767,2.23457,True
^VIX,2025-04-16,0.169863,10.5,Call,7.34,7.45,7.7,2.06446,2.07466,0.002714,7.575,0,0,2.07,2.07672,True
^VIX,2025-04-16,0.169863,11,Call,7.1,6.9,7.2,1.91699,1.92462,0.002713,7.05,0,0,1.92157,1.92463,True
^VIX,2025-04-16,0.169863,11.5,Call,6.5,6.55,6.65,1.81641,1.82216,0.00254,6.6,0,0,1.8224,1.82103,True
^VIX,2025-04-16,0.169863,12,Call,6.05,6.05,6.15,1.69336,1.69727,0.002797,6.1,0,0,1.69626,1.69681,True
^VIX,2025-04-16,0.169863,12.5,Call,5.6,5.5,5.65,1.5625,1.56478,0.002713,5.575,0,0,1.5625,1.56626,True
^VIX,2025-04-16,0.169863,13,Call,5.17,5.1,5.2,1.48242,1.48436,0.002407,5.15,0,0,1.48245,1.48382,True
^VIX,2025-04-16,0.169863,13.5,Call,4.59,4.65,4.75,1.39258,1.39314,0.002466,4.7,0,0,1.39432,1.39261,True
^VIX,2025-04-16,0.169863,14,Call,4.25,4.25,4.35,1.3252,1.32481,0.002356,4.3,0,0,1.32313,1.32559,True
^VIX,2025-04-16,0.169863,14.5,Call,4.05,3.9,4,1.27637,1.27671,0.002267,3.95,0,0,1.27571,1.27596,True
^VIX,2025-04-16,0.169863,15,Call,3.59,3.55,3.65,1.22608,1.2261,0.00203,3.60001,0,0,1.22554,1.22711,True
^VIX,2025-04-16,0.169863,16,Call,3.05,3.05,3.1,1.18457,1.18566,0.002409,3.075,0,0,1.18596,1.18631,False
^VIX,2025-04-16,0.169863,17,Call,2.72,2.65,2.71,1.17676,1.17892,0.002426,2.68,0,0,1.17989,1.17944,False
^VIX,2025-04-16,0.169863,18,Call,2.4,2.36,2.41,1.18946,1.19347,0.00207,2.385,0,0,1.19276,1.19448,False
^VIX,2025-04-16,0.169863,19,Call,2.18,2.12,2.18,1.21094,1.21573,0.0021,2.15001,0,0,1.21408,1.21642,False
^VIX,2025-04-16,0.169863,20,Call,1.93,1.93,1.98,1.23438,1.24034,0.002772,1.955,0,0,1.24003,1.23981,False
^VIX,2025-04-16,0.169863,21,Call,1.78,1.76,1.81,1.25635,1.26355,0.002774,1.785,0,0,1.26286,1.26295,False
^VIX,2025-04-16,0.169863,22,Call,1.7,1.61,1.66,1.27686,1.28508,0.002744,1.635,0,0,1.28381,1.28668,False
^VIX,2025-04-16,0.169863,23,Call,1.51,1.49,1.53,1.29932,1.3084,0.002636,1.51,0,0,1.30827,1.30766,False
^VIX,2025-04-16,0.169863,24,Call,1.41,1.39,1.43,1.3252,1.33501,0.002649,1.41,0,0,1.334,1.33575,False
^VIX,2025-04-16,0.169863,25,Call,1.37,1.28,1.34,1.34473,1.35539,0.002814,1.31,0,0,1.35448,1.35467,False
^VIX,2025-04-16,0.169863,26,Call,1.23,1.21,1.25,1.36768,1.37898,0.002786,1.23,0,0,1.3795,1.38015,False
^VIX,2025-04-16,0.169863,27,Call,1.17,1.12,1.18,1.38575,1.39767,0.002786,1.15,0,0,1.39613,1.39679,False
^VIX,2025-04-16,0.169863,28,Call,1.12,1.07,1.11,1.40918,1.42127,0.002765,1.09,0,0,1.42123,1.42192,False
^VIX,2025-04-16,0.169863,29,Call,1.05,1.01,1.05,1.42774,1.44105,0.003143,1.03,0,0,1.44135,1.44079,False
^VIX,2025-04-16,0.169863,30,Call,0.97,0.95,1,1.44629,1.45975,0.003231,0.975,0,0,1.45831,1.45897,False
^VIX,2025-04-16,0.169863,31,Call,0.91,0.9,0.95,1.46387,1.47777,0.002984,0.924998,0,0,1.4772,1.479,False
^VIX,2025-04-16,0.169863,32,Call,0.86,0.86,0.9,1.48145,1.49547,0.003142,0.88,0,0,1.49765,1.49519,False
^VIX,2025-04-16,0.169863,33,Call,0.84,0.8,0.85,1.49024,1.50497,0.003254,0.824999,0,0,1.50411,1.50415,False
^VIX,2025-04-16,0.169863,34,Call,0.82,0.78,0.82,1.51367,1.5285,0.002853,0.799991,0,0,1.52715,1.52889,False
^VIX,2025-04-16,0.169863,35,Call,0.78,0.74,0.79,1.52832,1.54436,0.003057,0.765001,0,0,1.54403,1.54514,False
^VIX,2025-04-16,0.169863,36,Call,0.73,0.71,0.75,1.54199,1.5581,0.003069,0.73,0,0,1.56043,1.55728,False
^VIX,2025-04-16,0.169863,37,Call,0.71,0.67,0.72,1.55371,1.56981,0.003147,0.694999,0,0,1.56981,1.5691,False
^VIX,2025-04-16,0.169863,38,Call,0.7,0.64,0.69,1.56641,1.58268,0.003055,0.665,0,0,1.58154,1.58354,False
^VIX,2025-04-16,0.169863,39,Call,0.65,0.63,0.67,1.58594,1.60347,0.003012,0.650002,0,0,1.60238,1.60465,False
^VIX,2025-04-16,0.169863,40,Call,0.64,0.6,0.65,1.59961,1.61643,0.002972,0.624998,0,0,1.61651,1.61591,False
^VIX,2025-04-16,0.169863,42.5,Call,0.57,0.54,0.59,1.62598,1.64419,0.002917,0.564999,0,0,1.64419,1.64455,False
^VIX,2025-04-16,0.169863,45,Call,0.53,0.5,0.54,1.65625,1.67458,0.002821,0.520004,0,0,1.67392,1.67403,False
^VIX,2025-04-16,0.169863,47.5,Call,0.51,0.45,0.48,1.6709,1.69023,0.003119,0.465,0,0,1.69224,1.69044,False
^VIX,2025-04-16,0.169863,50,Call,0.43,0.41,0.45,1.69531,1.71524,0.002975,0.429998,0,0,1.71453,1.71517,False
^VIX,2025-04-16,0.169863,55,Call,0.36,0.35,0.38,1.73438,1.75417,0.002921,0.365001,0,0,1.75621,1.75634,False
^VIX,2025-04-16,0.169863,60,Call,0.31,0.3,0.33,1.76758,1.7897,0.003141,0.315001,0,0,1.79005,1.78907,False
^VIX,2025-04-16,0.169863,65,Call,0.28,0.26,0.29,1.79883,1.82165,0.002998,0.275001,0,0,1.8227,1.82104,False
^VIX,2025-04-16,0.169863,70,Call,0.25,0.23,0.26,1.83203,1.85387,0.003021,0.245,0,0,1.85445,1.85417,False
^VIX,2025-04-16,0.169863,75,Call,0.23,0.21,0.23,1.85938,1.88324,0.002832,0.219996,0,0,1.88644,1.8826,False
^VIX,2025-04-16,0.169863,80,Call,0.22,0.19,0.22,1.89453,1.91921,0.002968,0.205001,0,0,1.91954,1.91841,False
^VIX,2025-04-16,0.169863,85,Call,0.18,0.16,0.19,1.90234,1.92549,0.00304,0.175001,0,0,1.92894,1.92531,False
^VIX,2025-04-16,0.169863,90,Call,0.16,0.15,0.18,1.93359,1.95745,0.00295,0.165,0,0,1.96054,1.9562,False
^VIX,2025-04-16,0.169863,95,Call,0.16,0.14,0.17,1.96094,1.98525,0.002625,0.155006,0,0,1.98604,1.98556,False
^VIX,2025-04-16,0.169863,100,Call,0.16,0.13,0.16,1.98438,2.00915,0.002736,0.145002,0,0,2.01045,2.01015,False
^VIX,2025-04-16,0.169863,110,Call,0.13,0.11,0.14,2.01954,2.04603,0.002798,0.125001,0,0,2.04929,2.04545,False
^VIX,2025-04-16,0.169863,120,Call,0.09,0.1,0.12,2.05469,2.08106,0.002836,0.109999,0,0,2.08262,2.08095,False
^VIX,2025-04-16,0.169863,130,Call,0.09,0.09,0.11,2.08985,2.11851,0.002988,0.100001,0,0,2.12444,2.1175,False
^VIX,2025-04-16,0.169863,140,Call,0.1,0.07,0.1,2.10547,2.13351,0.00291,0.0850007,0,0,2.13534,2.13381,False
^VIX,2025-04-16,0.169863,150,Call,0.08,0.06,0.09,2.125,2.15413,0.002761,0.0749993,0,0,2.15828,2.15306,False
^VIX,2025-04-16,0.169863,160,Call,0.09,0.06,0.08,2.15625,2.18493,0.002185,0.0699745,0,0,2.19145,2.18642,False
^VIX,2025-04-16,0.169863,170,Call,0.06,0.05,0.08,2.17969,2.21136,0.002736,0.0650007,0,0,2.2144,2.21139,False
^VIX,2025-04-16,0.169863,180,Call,0.07,0.05,0.07,2.20313,2.23341,0.002691,0.0599986,0,0,2.23609,2.23201,False
^VIX,2025-04-16,0.169863,185,Call,0.09,0,0,0.500005,2.35715,0.002881,0.0900006,0,0,2.36121,2.3559,False
^VIX,2025-04-16,0.169863,190,Call,0.08,0.04,0.07,2.21875,2.25137,0.002843,0.0549994,0,0,2.25658,2.2516,False
^VIX,2025-04-16,0.169863,195,Call,0.04,0.04,0.07,2.24219,2.26986,0.002736,0.0550006,0,0,2.27578,2.27058,False
^VIX,2025-04-16,0.169863,200,Call,0.06,0.04,0.06,2.23438,2.26525,0.002448,0.0499953,0,0,2.27183,2.26629,False
^VIX,2025-04-16,0.169863,10,Put,0.02,0,0.02,0.539067,0.552082,0.002819,0.019999,0,0,0.552408,0.551807,False
^VIX,2025-04-16,0.169863,10.5,Put,0.01,0,0.02,0.48438,0.454055,0.002626,0.00999923,0,0,0.454473,0.454364,False
^VIX,2025-04-16,0.169863,11,Put,0.02,0,0.02,0.437506,0.452407,0.002742,0.0199992,0,0,0.453411,0.452627,False
^VIX,2025-04-16,0.169863,11.5,Put,0.02,0,0.03,0.417975,0.405436,0.002263,0.0200134,0,0,0.405625,0.405442,False
^VIX,2025-04-16,0.169863,12,Put,0.03,0.01,0.04,0.390631,0.373657,0.002541,0.0250035,0,0,0.374258,0.373863,False
^VIX,2025-04-16,0.169863,12.5,Put,0.04,0.03,0.05,0.359381,0.358393,0.003008,0.0399992,0,0,0.358318,0.358311,False
^VIX,2025-04-16,0.169863,13,Put,0.07,0.05,0.08,0.347663,0.345928,0.003134,0.0650005,0,0,0.346158,0.345717,False
^VIX,2025-04-16,0.169863,13.5,Put,0.12,0.11,0.13,0.33985,0.348462,0.002956,0.12,0,0,0.348939,0.348353,False
^VIX,2025-04-16,0.169863,14,Put,0.21,0.19,0.21,0.336921,0.348294,0.002943,0.200001,0,0,0.348157,0.348218,False
^VIX,2025-04-16,0.169863,14.5,Put,0.34,0.32,0.35,0.346686,0.358242,0.001631,0.333551,0,0,0.358611,0.359223,False
^VIX,2025-04-16,0.169863,15,Put,0.47,0.49,0.52,0.348639,0.364889,0.002325,0.504999,0,0,0.364657,0.364974,False
^VIX,2025-04-16,0.169863,16,Put,0.98,0.95,0.99,0.352546,0.374354,0.002161,0.970002,0,0,0.374056,0.3742,True
^VIX,2025-04-16,0.169863,17,Put,1.51,1.55,1.59,0.342292,0.373835,0.002349,1.57,0,0,0.374107,0.373606,True
^VIX,2025-04-16,0.169863,18,Put,2.25,2.25,2.29,0.304694,0.356103,0.003159,2.27,0,0,0.356559,0.356297,True
^VIX,2025-04-16,0.169863,19,Put,2.95,2.99,3.05,1e-05,0.274597,0.002773,3.02,0,0,0.274987,0.274659,True
^VIX,2025-04-16,0.169863,20,Put,3.8,3.75,3.85,1e-05,0.0001,0.000368,3.95681,0,0,0.0001,0.00023116,True
^VIX,2025-04-16,0.169863,21,Put,4.77,4.6,4.7,1e-05,0.0001,0.000333,4.94965,0,0,0.0001,0.00023116,True
^VIX,2025-04-16,0.169863,22,Put,5.61,5.45,5.55,1e-05,0.0001,0.000323,5.94249,0,0,0.0001,0.00023116,True
^VIX,2025-04-16,0.169863,23,Put,6.45,6.3,6.4,1e-05,0.0001,0.000316,6.93533,0,0,0.0001,0.00023116,True
^VIX,2025-04-16,0.169863,24,Put,7.3,7.2,7.3,1e-05,0.0001,0.000316,7.92817,0,0,0.0001,0.000232078,True
^VIX,2025-04-16,0.169863,25,Put,8.1,8.1,8.2,1e-05,0.0001,0.000319,8.92101,0,0,0.0001,0.00023116,True
^VIX,2025-04-16,0.169863,26,Put,9.05,9,9.1,1e-05,0.0001,0.000309,9.91385,0,0,0.0001,0.00023301,True
^VIX,2025-04-16,0.169863,27,Put,10.25,9.9,10,1e-05,0.0001,0.000334,10.9067,0,0,0.0001,0.000232079,True
^VIX,2025-04-16,0.169863,28,Put,10.95,10.85,10.95,1e-05,0.0001,0.000308,11.8995,0,0,0.0001,0.000769731,True
^VIX,2025-04-16,0.169863,29,Put,11.9,11.75,11.85,1e-05,0.0001,0.000307,12.8924,0,0,0.0001,0.000752437,True
^VIX,2025-04-16,0.169863,30,Put,12.9,12.7,12.8,1e-05,0.0001,0.000361,13.8852,0,0,0.0001,0.000231198,True
^VIX,2025-04-16,0.169863,31,Put,11.6,12.3,12.75,1e-05,0.0001,0.000345,14.8781,0,0,0.0001,0.000225724,True
^VIX,2025-04-16,0.169863,32,Put,13.8,14.6,14.75,1e-05,0.0001,0.000334,15.8709,0,0,0.0001,0.000622593,True
^VIX,2025-04-16,0.169863,34,Put,13.9,15.1,15.55,1e-05,0.0001,0.000332,17.8566,0,0,0.0001,0.000680611,True
^VIX,2025-04-16,0.169863,35,Put,17.65,17.5,17.6,1e-05,0.0001,0.000328,18.8494,0,0,0.0001,0.00081382,True
^VIX,2025-04-16,0.169863,36,Put,18.2,18.4,18.5,1e-05,0.0001,0.000324,19.8423,0,0,0.0001,0.000800568,True
^VIX,2025-04-16,0.169863,37,Put,19.56,19.4,19.5,1e-05,0.0001,0.000327,20.8351,0,0,0.0001,0.000792984,True
^VIX,2025-04-16,0.169863,38,Put,18.8,19.1,19.7,1e-05,0.0001,0.000327,21.8279,0,0,0.0001,0.000619435,True
^VIX,2025-04-16,0.169863,39,Put,21.15,21.35,21.45,1e-05,0.0001,0.000327,22.8208,0,0,0.0001,0.000680205,True
^VIX,2025-04-16,0.169863,40,Put,22.45,22.3,22.4,1e-05,0.0001,0.000329,23.8136,0,0,0.0001,0.000779071,True
^VIX,2025-04-16,0.169863,42.5,Put,24.1,24.35,24.5,1e-05,0.0001,0.000329,26.2957,0,0,0.0001,0.000756587,True
^VIX,2025-04-16,0.169863,45,Put,27.41,26.85,27,1e-05,0.0001,0.000325,28.7778,0,0,0.0001,0.000778624,True
^VIX,2025-04-16,0.169863,47.5,Put,29.7,29.6,29.7,1e-05,0.0001,0.000345,31.2599,0,0,0.0001,0.000793979,True
^VIX,2025-04-16,0.169863,50,Put,31.1,32.05,32.15,1e-05,0.0001,0.000327,33.742,0,0,0.0001,0.000789026,True
^VIX,2025-04-16,0.169863,60,Put,41.4,41.8,41.95,1e-05,0.0001,0.000326,43.6704,0,0,0.0001,0.000604731,True
^VIX,2025-04-16,0.169863,70,Put,51.83,51.65,51.75,1e-05,0.0001,0.00033,53.5988,0,0,0.0001,0.000618287,True
^VIX,2025-04-16,0.169863,80,Put,61.8,61.55,61.7,1e-05,0.0001,0.000359,63.5272,0,0,0.0001,0.000122887,True
^VIX,2025-04-16,0.169863,95,Put,75.95,75.9,76.35,1e-05,0.0001,0.000355,78.4199,0,0,0.0001,0.000122887,True
^VIX,2025-04-16,0.169863,100,Put,81.4,81.35,81.45,1e-05,0.0001,0.000349,83.3841,0,0,0.0001,0.000653086,True
^VIX,2025-04-16,0.169863,150,Put,130.45,130.2,130.45,1e-05,0.0001,0.000346,133.026,0,0,0.0001,0.000329583,True
^VIX,2025-04-16,0.169863,200,Put,180.53,180.35,180.65,1e-05,0.0001,0.000349,182.668,0,0,0.0001,0.000329583,True
