,ticker,expiration,timeToMaturity,strike,optionType,lastPrice,bid,ask,impliedVolatility,inTheMoney,spotPrice,interestRate
0,NVDA,2025-03-21,0.076712,5.0,Call,134.7,134.35,135.1,6.062502421874999,True,139.360596,4.205
1,NVDA,2025-03-21,0.076712,10.0,Call,124.0,129.35,130.15,4.67187916015625,True,139.360596,4.205
2,NVDA,2025-03-21,0.076712,15.0,Call,104.65,124.3,125.05,3.7695318261718755,True,139.360596,4.205
3,NVDA,2025-03-21,0.076712,20.0,Call,120.03,119.35,120.1,3.339845400390624,True,139.360596,4.205
4,NVDA,2025-03-21,0.076712,25.0,Call,106.22,114.35,115.1,2.9531276171874996,True,139.360596,4.205
5,NVDA,2025-03-21,0.076712,30.0,Call,109.82,109.15,110.5,2.7480500048828125,True,139.360596,4.205
6,NVDA,2025-03-21,0.076712,32.0,Call,108.57,107.4,108.2,2.6093784765625,True,139.360596,4.205
7,NVDA,2025-03-21,0.076712,33.0,Call,85.8,106.55,107.3,2.6669955200195314,True,139.360596,4.205
8,NVDA,2025-03-21,0.076712,34.0,Call,105.84,105.45,106.25,2.550784873046875,True,139.360596,4.205
9,NVDA,2025-03-21,0.076712,35.0,Call,105.95,104.55,105.3,2.561527033691406,True,139.360596,4.205
10,NVDA,2025-03-21,0.076712,36.0,Call,83.55,103.55,104.3,2.5117224707031247,True,139.360596,4.205
11,NVDA,2025-03-21,0.076712,37.0,Call,97.49,102.4,103.15,2.3378947802734364,True,139.360596,4.205
12,NVDA,2025-03-21,0.076712,38.0,Call,102.12,101.5,102.25,2.376957182617187,True,139.360596,4.205
13,NVDA,2025-03-21,0.076712,39.0,Call,78.98,100.45,101.25,2.3125042187499996,True,139.360596,4.205
14,NVDA,2025-03-21,0.076712,40.0,Call,97.4,99.6,100.25,2.3242229394531244,True,139.360596,4.205
15,NVDA,2025-03-21,0.076712,41.0,Call,99.45,98.6,99.35,2.3144573388671867,True,139.360596,4.205
16,NVDA,2025-03-21,0.076712,42.0,Call,100.76,0.0,0.0,1.0000000000000003e-05,True,139.360596,4.205
17,NVDA,2025-03-21,0.076712,43.0,Call,94.35,96.55,97.15,2.1435593286132812,True,139.360596,4.205
18,NVDA,2025-03-21,0.076712,44.0,Call,96.09,95.6,96.3,2.172856130371094,True,139.360596,4.205
19,NVDA,2025-03-21,0.076712,45.0,Call,94.79,94.6,95.35,2.14844212890625,True,139.360596,4.205
20,NVDA,2025-03-21,0.076712,46.0,Call,91.75,93.4,94.2,1.9921875390625,True,139.360596,4.205
21,NVDA,2025-03-21,0.076712,47.0,Call,87.5,92.55,93.35,2.0566454833984373,True,139.360596,4.205
22,NVDA,2025-03-21,0.076712,48.0,Call,92.3,91.45,92.25,1.955078349609375,True,139.360596,4.205
23,NVDA,2025-03-21,0.076712,49.0,Call,78.8,90.5,91.2,1.919922275390625,True,139.360596,4.205
24,NVDA,2025-03-21,0.076712,50.0,Call,89.88,89.65,90.35,1.9765626171875001,True,139.360596,4.205
25,NVDA,2025-03-21,0.076712,52.0,Call,86.48,87.55,88.35,1.8789068554687498,True,139.360596,4.205
26,NVDA,2025-03-21,0.076712,54.0,Call,66.35,85.6,86.3,1.8125009374999999,True,139.360596,4.205
27,NVDA,2025-03-21,0.076712,55.0,Call,83.2,84.55,85.3,1.7666027294921873,True,139.360596,4.205
28,NVDA,2025-03-21,0.076712,56.0,Call,83.02,83.55,84.35,1.7490246923828123,True,139.360596,4.205
29,NVDA,2025-03-21,0.076712,58.0,Call,80.37,81.55,82.35,1.6875015625,True,139.360596,4.205
30,NVDA,2025-03-21,0.076712,60.0,Call,77.75,79.6,80.35,1.640626796875,True,139.360596,4.205
31,NVDA,2025-03-21,0.076712,62.0,Call,75.95,77.6,78.3,1.5712912060546875,True,139.360596,4.205
32,NVDA,2025-03-21,0.076712,64.0,Call,76.83,75.7,76.4,1.5610373510742184,True,139.360596,4.205
33,NVDA,2025-03-21,0.076712,65.0,Call,75.07,74.55,75.3,1.4775416748046877,True,139.360596,4.205
34,NVDA,2025-03-21,0.076712,66.0,Call,67.89,73.7,74.45,1.5166039794921873,True,139.360596,4.205
35,NVDA,2025-03-21,0.076712,68.0,Call,68.5,71.75,72.5,1.482424462890625,True,139.360596,4.205
36,NVDA,2025-03-21,0.076712,70.0,Call,67.75,69.7,70.4,1.400393623046875,True,139.360596,4.205
37,NVDA,2025-03-21,0.076712,71.0,Call,62.95,68.8,69.5,1.4126005932617187,True,139.360596,4.205
38,NVDA,2025-03-21,0.076712,72.0,Call,62.3,67.65,68.45,1.3505891845703122,True,139.360596,4.205
39,NVDA,2025-03-21,0.076712,73.0,Call,59.04,66.75,67.55,1.3618195971679685,True,139.360596,4.205
40,NVDA,2025-03-21,0.076712,74.0,Call,61.35,65.7,66.45,1.3105503222656247,True,139.360596,4.205
41,NVDA,2025-03-21,0.076712,75.0,Call,63.25,64.8,65.45,1.303714418945312,True,139.360596,4.205
42,NVDA,2025-03-21,0.076712,76.0,Call,59.45,63.75,64.45,1.270999738769531,True,139.360596,4.205
43,NVDA,2025-03-21,0.076712,77.0,Call,55.4,62.75,63.5,1.255863095703125,True,139.360596,4.205
44,NVDA,2025-03-21,0.076712,78.0,Call,60.05,61.85,62.55,1.2563513745117185,True,139.360596,4.205
45,NVDA,2025-03-21,0.076712,79.0,Call,60.9,60.85,61.4,1.2089883300781248,True,139.360596,4.205
46,NVDA,2025-03-21,0.076712,80.0,Call,58.2,60.1,60.25,1.2016641479492187,True,139.360596,4.205
47,NVDA,2025-03-21,0.076712,81.0,Call,59.45,59.0,59.3,1.1709025830078126,True,139.360596,4.205
48,NVDA,2025-03-21,0.076712,82.0,Call,59.1,58.15,58.4,1.1845743896484375,True,139.360596,4.205
49,NVDA,2025-03-21,0.076712,83.0,Call,54.8,56.95,57.25,1.1108442895507813,True,139.360596,4.205
50,NVDA,2025-03-21,0.076712,84.0,Call,55.54,55.9,56.35,1.0966842041015625,True,139.360596,4.205
51,NVDA,2025-03-21,0.076712,85.0,Call,54.75,55.2,55.4,1.1235395385742186,True,139.360596,4.205
52,NVDA,2025-03-21,0.076712,86.0,Call,52.2,54.0,54.65,1.1079146166992189,True,139.360596,4.205
53,NVDA,2025-03-21,0.076712,88.0,Call,51.55,52.25,52.45,1.0698288696289064,True,139.360596,4.205
54,NVDA,2025-03-21,0.076712,90.0,Call,50.5,50.2,50.75,1.0551805053710939,True,139.360596,4.205
55,NVDA,2025-03-21,0.076712,92.0,Call,47.6,48.35,48.7,1.0224658251953125,True,139.360596,4.205
56,NVDA,2025-03-21,0.076712,94.0,Call,45.65,46.25,46.85,0.98437515625,True,139.360596,4.205
57,NVDA,2025-03-21,0.076712,95.0,Call,43.8,45.25,45.6,0.937500625,True,139.360596,4.205
58,NVDA,2025-03-21,0.076712,96.0,Call,43.7,44.45,44.6,0.9370123486328125,True,139.360596,4.205
59,NVDA,2025-03-21,0.076712,98.0,Call,40.55,42.25,42.6,0.8757336645507812,True,139.360596,4.205
60,NVDA,2025-03-21,0.076712,100.0,Call,40.6,40.45,40.7,0.8637708935546875,True,139.360596,4.205
61,NVDA,2025-03-21,0.076712,102.0,Call,37.65,38.65,38.8,0.8488784643554688,True,139.360596,4.205
62,NVDA,2025-03-21,0.076712,104.0,Call,34.9,36.75,36.9,0.8237322314453124,True,139.360596,4.205
63,NVDA,2025-03-21,0.076712,105.0,Call,35.8,35.8,35.95,0.8110370458984374,True,139.360596,4.205
64,NVDA,2025-03-21,0.076712,106.0,Call,33.5,34.85,35.0,0.797853583984375,True,139.360596,4.205
65,NVDA,2025-03-21,0.076712,108.0,Call,31.35,32.9,33.05,0.76367423828125,True,139.360596,4.205
66,NVDA,2025-03-21,0.076712,110.0,Call,31.35,31.05,31.2,0.7429224926757811,True,139.360596,4.205
67,NVDA,2025-03-21,0.076712,112.0,Call,29.16,29.1,29.3,0.710940390625,True,139.360596,4.205
68,NVDA,2025-03-21,0.076712,114.0,Call,27.1,27.2,27.6,0.69336244140625,True,139.360596,4.205
69,NVDA,2025-03-21,0.076712,115.0,Call,26.55,26.5,26.7,0.6948272705078126,True,139.360596,4.205
70,NVDA,2025-03-21,0.076712,116.0,Call,25.8,25.65,25.85,0.6894562304687502,True,139.360596,4.205
71,NVDA,2025-03-21,0.076712,118.0,Call,23.95,23.95,24.1,0.674075524902344,True,139.360596,4.205
72,NVDA,2025-03-21,0.076712,120.0,Call,22.5,22.4,22.45,0.6674837939453127,True,139.360596,4.205
73,NVDA,2025-03-21,0.076712,122.0,Call,20.7,20.8,20.9,0.659183095703125,True,139.360596,4.205
74,NVDA,2025-03-21,0.076712,124.0,Call,19.25,19.25,19.3,0.647464462890625,True,139.360596,4.205
75,NVDA,2025-03-21,0.076712,125.0,Call,18.5,18.5,18.6,0.6451451501464844,True,139.360596,4.205
76,NVDA,2025-03-21,0.076712,126.0,Call,17.7,17.7,17.8,0.6361120373535156,True,139.360596,4.205
77,NVDA,2025-03-21,0.076712,128.0,Call,16.31,16.3,16.35,0.6286658227539064,True,139.360596,4.205
78,NVDA,2025-03-21,0.076712,130.0,Call,15.0,14.95,15.05,0.6245154736328126,True,139.360596,4.205
79,NVDA,2025-03-21,0.076712,132.0,Call,13.76,13.6,13.65,0.6127968408203126,True,139.360596,4.205
80,NVDA,2025-03-21,0.076712,134.0,Call,12.52,12.4,12.5,0.6104775280761721,True,139.360596,4.205
81,NVDA,2025-03-21,0.076712,135.0,Call,11.85,11.8,11.9,0.6069375244140626,True,139.360596,4.205
82,NVDA,2025-03-21,0.076712,136.0,Call,11.3,11.25,11.35,0.6057168334960938,True,139.360596,4.205
83,NVDA,2025-03-21,0.076712,137.0,Call,10.78,10.7,10.8,0.6032754516601564,True,139.360596,4.205
84,NVDA,2025-03-21,0.076712,138.0,Call,10.2,10.15,10.2,0.5983926879882813,True,139.360596,4.205
85,NVDA,2025-03-21,0.076712,139.0,Call,9.7,9.7,9.75,0.6002237243652344,True,139.360596,4.205
86,NVDA,2025-03-21,0.076712,140.0,Call,9.21,9.15,9.2,0.5948526843261719,False,139.360596,4.205
87,NVDA,2025-03-21,0.076712,141.0,Call,8.65,8.7,8.75,0.5946085461425781,False,139.360596,4.205
88,NVDA,2025-03-21,0.076712,142.0,Call,8.28,8.2,8.25,0.5903361279296876,False,139.360596,4.205
89,NVDA,2025-03-21,0.076712,143.0,Call,7.85,7.75,7.8,0.5880168151855469,False,139.360596,4.205
90,NVDA,2025-03-21,0.076712,144.0,Call,7.38,7.3,7.4,0.5863078479003907,False,139.360596,4.205
91,NVDA,2025-03-21,0.076712,145.0,Call,6.95,6.9,7.0,0.5852092260742188,False,139.360596,4.205
92,NVDA,2025-03-21,0.076712,146.0,Call,6.6,6.5,6.6,0.5831340515136718,False,139.360596,4.205
93,NVDA,2025-03-21,0.076712,147.0,Call,6.15,6.1,6.15,0.5783733569335938,False,139.360596,4.205
94,NVDA,2025-03-21,0.076712,148.0,Call,5.83,5.75,5.85,0.5789837023925781,False,139.360596,4.205
95,NVDA,2025-03-21,0.076712,149.0,Call,5.55,5.4,5.5,0.5770305969238281,False,139.360596,4.205
96,NVDA,2025-03-21,0.076712,150.0,Call,5.15,5.05,5.15,0.5741009387207032,False,139.360596,4.205
97,NVDA,2025-03-21,0.076712,151.0,Call,4.8,4.8,4.85,0.5751995605468749,False,139.360596,4.205
98,NVDA,2025-03-21,0.076712,152.0,Call,4.5,4.5,4.55,0.5737347314453125,False,139.360596,4.205
99,NVDA,2025-03-21,0.076712,153.0,Call,4.25,4.2,4.25,0.5711712805175782,False,139.360596,4.205
100,NVDA,2025-03-21,0.076712,154.0,Call,3.95,3.95,4.0,0.5712933496093751,False,139.360596,4.205
101,NVDA,2025-03-21,0.076712,155.0,Call,3.7,3.65,3.7,0.5666547241210937,False,139.360596,4.205
102,NVDA,2025-03-21,0.076712,156.0,Call,3.47,3.45,3.5,0.5686078295898438,False,139.360596,4.205
103,NVDA,2025-03-21,0.076712,157.0,Call,3.15,3.2,3.25,0.5658002404785156,False,139.360596,4.205
104,NVDA,2025-03-21,0.076712,158.0,Call,3.05,2.98,3.0,0.5631147204589844,False,139.360596,4.205
105,NVDA,2025-03-21,0.076712,159.0,Call,2.84,2.81,2.84,0.5651898950195313,False,139.360596,4.205
106,NVDA,2025-03-21,0.076712,160.0,Call,2.6,2.6,2.62,0.5622602368164062,False,139.360596,4.205
107,NVDA,2025-03-21,0.076712,161.0,Call,2.47,2.44,2.45,0.562626444091797,False,139.360596,4.205
108,NVDA,2025-03-21,0.076712,162.0,Call,2.28,2.28,2.3,0.5631147204589844,False,139.360596,4.205
109,NVDA,2025-03-21,0.076712,163.0,Call,1.99,2.1,2.12,0.5603071313476562,False,139.360596,4.205
110,NVDA,2025-03-21,0.076712,164.0,Call,1.98,1.96,1.98,0.56055126953125,False,139.360596,4.205
111,NVDA,2025-03-21,0.076712,165.0,Call,1.85,1.84,1.86,0.5617719604492188,False,139.360596,4.205
112,NVDA,2025-03-21,0.076712,166.0,Call,1.61,1.71,1.73,0.5612836840820312,False,139.360596,4.205
113,NVDA,2025-03-21,0.076712,167.0,Call,1.49,1.58,1.6,0.5600629931640625,False,139.360596,4.205
114,NVDA,2025-03-21,0.076712,168.0,Call,1.41,1.48,1.5,0.5612836840820312,False,139.360596,4.205
115,NVDA,2025-03-21,0.076712,169.0,Call,1.3,1.37,1.39,0.56055126953125,False,139.360596,4.205
116,NVDA,2025-03-21,0.076712,170.0,Call,1.28,1.27,1.3,0.5607954077148438,False,139.360596,4.205
117,NVDA,2025-03-21,0.076712,171.0,Call,1.17,1.2,1.21,0.5620160986328125,False,139.360596,4.205
118,NVDA,2025-03-21,0.076712,172.0,Call,1.12,1.11,1.13,0.5622602368164062,False,139.360596,4.205
119,NVDA,2025-03-21,0.076712,173.0,Call,1.04,1.03,1.05,0.5622602368164062,False,139.360596,4.205
120,NVDA,2025-03-21,0.076712,174.0,Call,0.89,0.96,0.98,0.5629926513671876,False,139.360596,4.205
121,NVDA,2025-03-21,0.076712,175.0,Call,0.91,0.9,0.91,0.5637250659179689,False,139.360596,4.205
122,NVDA,2025-03-21,0.076712,176.0,Call,0.79,0.84,0.85,0.5647016186523439,False,139.360596,4.205
123,NVDA,2025-03-21,0.076712,177.0,Call,0.74,0.78,0.8,0.5656781713867188,False,139.360596,4.205
124,NVDA,2025-03-21,0.076712,178.0,Call,0.68,0.73,0.75,0.5671430004882813,False,139.360596,4.205
125,NVDA,2025-03-21,0.076712,179.0,Call,0.71,0.68,0.7,0.5678754150390625,False,139.360596,4.205
126,NVDA,2025-03-21,0.076712,180.0,Call,0.65,0.63,0.65,0.5681195532226562,False,139.360596,4.205
127,NVDA,2025-03-21,0.076712,181.0,Call,0.56,0.6,0.61,0.5705609350585938,False,139.360596,4.205
128,NVDA,2025-03-21,0.076712,182.0,Call,0.55,0.55,0.57,0.5705609350585938,False,139.360596,4.205
129,NVDA,2025-03-21,0.076712,183.0,Call,0.46,0.53,0.54,0.5742230078125,False,139.360596,4.205
130,NVDA,2025-03-21,0.076712,184.0,Call,0.47,0.49,0.51,0.5751995605468749,False,139.360596,4.205
131,NVDA,2025-03-21,0.076712,185.0,Call,0.44,0.46,0.47,0.5756878369140624,False,139.360596,4.205
132,NVDA,2025-03-21,0.076712,186.0,Call,0.45,0.43,0.45,0.57812921875,False,139.360596,4.205
133,NVDA,2025-03-21,0.076712,187.0,Call,0.39,0.4,0.41,0.5776409423828125,False,139.360596,4.205
134,NVDA,2025-03-21,0.076712,188.0,Call,0.39,0.38,0.39,0.5805706005859376,False,139.360596,4.205
135,NVDA,2025-03-21,0.076712,189.0,Call,0.33,0.36,0.37,0.5830119824218749,False,139.360596,4.205
136,NVDA,2025-03-21,0.076712,190.0,Call,0.35,0.34,0.35,0.5854533642578125,False,139.360596,4.205
137,NVDA,2025-03-21,0.076712,191.0,Call,0.3,0.32,0.33,0.586918193359375,False,139.360596,4.205
138,NVDA,2025-03-21,0.076712,192.0,Call,0.28,0.3,0.31,0.5883830224609375,False,139.360596,4.205
139,NVDA,2025-03-21,0.076712,193.0,Call,0.28,0.28,0.3,0.5913126806640626,False,139.360596,4.205
140,NVDA,2025-03-21,0.076712,194.0,Call,0.28,0.27,0.28,0.5937540625000001,False,139.360596,4.205
141,NVDA,2025-03-21,0.076712,195.0,Call,0.25,0.25,0.26,0.5937540625000001,False,139.360596,4.205
142,NVDA,2025-03-21,0.076712,200.0,Call,0.19,0.19,0.2,0.6044961425781252,False,139.360596,4.205
143,NVDA,2025-03-21,0.076712,205.0,Call,0.15,0.15,0.16,0.6181678808593751,False,139.360596,4.205
144,NVDA,2025-03-21,0.076712,210.0,Call,0.12,0.12,0.13,0.63086306640625,False,139.360596,4.205
145,NVDA,2025-03-21,0.076712,212.0,Call,0.1,0.11,0.12,0.6367223828125,False,139.360596,4.205
146,NVDA,2025-03-21,0.076712,213.0,Call,0.12,0.1,0.11,0.6347692773437501,False,139.360596,4.205
147,NVDA,2025-03-21,0.076712,214.0,Call,0.1,0.1,0.11,0.64062859375,False,139.360596,4.205
148,NVDA,2025-03-21,0.076712,215.0,Call,0.09,0.09,0.1,0.63867548828125,False,139.360596,4.205
149,NVDA,2025-03-21,0.076712,216.0,Call,0.1,0.09,0.1,0.6445348046875,False,139.360596,4.205
150,NVDA,2025-03-21,0.076712,217.0,Call,0.1,0.08,0.09,0.6425816992187501,False,139.360596,4.205
151,NVDA,2025-03-21,0.076712,218.0,Call,0.09,0.08,0.09,0.647464462890625,False,139.360596,4.205
152,NVDA,2025-03-21,0.076712,219.0,Call,0.08,0.08,0.09,0.6523472265625001,False,139.360596,4.205
153,NVDA,2025-03-21,0.076712,220.0,Call,0.07,0.07,0.08,0.648441015625,False,139.360596,4.205
154,NVDA,2025-03-21,0.076712,221.0,Call,0.1,0.07,0.08,0.6543003320312502,False,139.360596,4.205
155,NVDA,2025-03-21,0.076712,222.0,Call,0.1,0.07,0.08,0.6601596484375001,False,139.360596,4.205
156,NVDA,2025-03-21,0.076712,223.0,Call,0.07,0.06,0.07,0.6543003320312502,False,139.360596,4.205
157,NVDA,2025-03-21,0.076712,224.0,Call,0.07,0.06,0.07,0.6601596484375001,False,139.360596,4.205
158,NVDA,2025-03-21,0.076712,225.0,Call,0.07,0.06,0.07,0.6640658593750002,False,139.360596,4.205
159,NVDA,2025-03-21,0.076712,226.0,Call,0.07,0.06,0.07,0.6699251757812501,False,139.360596,4.205
160,NVDA,2025-03-21,0.076712,227.0,Call,0.1,0.05,0.06,0.6640658593750002,False,139.360596,4.205
161,NVDA,2025-03-21,0.076712,228.0,Call,0.06,0.05,0.06,0.6679720703125002,False,139.360596,4.205
162,NVDA,2025-03-21,0.076712,230.0,Call,0.05,0.05,0.06,0.6796907031250001,False,139.360596,4.205
163,NVDA,2025-03-21,0.076712,235.0,Call,0.06,0.04,0.05,0.6875031250000001,False,139.360596,4.205
164,NVDA,2025-03-21,0.076712,240.0,Call,0.03,0.03,0.04,0.6953155468750001,False,139.360596,4.205
165,NVDA,2025-03-21,0.076712,245.0,Call,0.03,0.03,0.04,0.7187528125,False,139.360596,4.205
166,NVDA,2025-03-21,0.076712,250.0,Call,0.03,0.02,0.03,0.7187528125,False,139.360596,4.205
167,NVDA,2025-03-21,0.076712,255.0,Call,0.02,0.02,0.03,0.7382838671874999,False,139.360596,4.205
168,NVDA,2025-03-21,0.076712,260.0,Call,0.02,0.02,0.03,0.7578149218750001,False,139.360596,4.205
169,NVDA,2025-03-21,0.076712,265.0,Call,0.03,0.01,0.02,0.7421900781249999,False,139.360596,4.205
170,NVDA,2025-03-21,0.076712,270.0,Call,0.01,0.01,0.02,0.7656273437500001,False,139.360596,4.205
171,NVDA,2025-03-21,0.076712,275.0,Call,0.01,0.01,0.02,0.7812521875,False,139.360596,4.205
172,NVDA,2025-03-21,0.076712,280.0,Call,0.01,0.01,0.02,0.79687703125,False,139.360596,4.205
173,NVDA,2025-03-21,0.076712,290.0,Call,0.01,0.0,0.01,0.7656273437500001,False,139.360596,4.205
174,NVDA,2025-03-21,0.076712,300.0,Call,0.01,0.0,0.01,0.79687703125,False,139.360596,4.205
175,NVDA,2025-03-21,0.076712,320.0,Call,717.62,899.1,912.05,0.0,False,139.360596,4.205
176,NVDA,2025-03-21,0.076712,350.0,Call,867.34,870.7,883.45,0.0,False,139.360596,4.205
177,NVDA,2025-03-21,0.076712,360.0,Call,793.39,861.25,873.9,0.0,False,139.360596,4.205
178,NVDA,2025-03-21,0.076712,370.0,Call,845.0,851.8,865.1,0.0,False,139.360596,4.205
179,NVDA,2025-03-21,0.076712,380.0,Call,686.3,842.25,855.9,0.0,False,139.360596,4.205
180,NVDA,2025-03-21,0.076712,390.0,Call,776.56,832.9,845.8,0.0,False,139.360596,4.205
181,NVDA,2025-03-21,0.076712,400.0,Call,812.15,823.6,836.95,0.0,False,139.360596,4.205
182,NVDA,2025-03-21,0.076712,410.0,Call,802.68,814.05,827.55,0.0,False,139.360596,4.205
183,NVDA,2025-03-21,0.076712,420.0,Call,480.0,740.2,759.2,0.0,False,139.360596,4.205
184,NVDA,2025-03-21,0.076712,430.0,Call,549.28,794.75,808.7,0.0,False,139.360596,4.205
185,NVDA,2025-03-21,0.076712,440.0,Call,494.17,790.0,798.1,0.0,False,139.360596,4.205
186,NVDA,2025-03-21,0.076712,450.0,Call,776.35,776.45,789.6,0.0,False,139.360596,4.205
187,NVDA,2025-03-21,0.076712,460.0,Call,462.7,767.15,779.65,0.0,False,139.360596,4.205
188,NVDA,2025-03-21,0.076712,470.0,Call,580.99,758.25,769.65,0.0,False,139.360596,4.205
189,NVDA,2025-03-21,0.076712,480.0,Call,581.33,748.95,760.1,0.0,False,139.360596,4.205
190,NVDA,2025-03-21,0.076712,490.0,Call,684.18,739.45,750.4,0.0,False,139.360596,4.205
191,NVDA,2025-03-21,0.076712,500.0,Call,745.5,730.9,741.75,0.0,False,139.360596,4.205
192,NVDA,2025-03-21,0.076712,520.0,Call,631.85,712.1,722.75,0.0,False,139.360596,4.205
193,NVDA,2025-03-21,0.076712,540.0,Call,693.0,694.25,704.25,0.0,False,139.360596,4.205
194,NVDA,2025-03-21,0.076712,560.0,Call,609.25,675.55,687.15,0.0,False,139.360596,4.205
195,NVDA,2025-03-21,0.076712,580.0,Call,580.9,657.6,668.9,0.0,False,139.360596,4.205
196,NVDA,2025-03-21,0.076712,600.0,Call,625.01,639.7,650.5,0.0,False,139.360596,4.205
197,NVDA,2025-03-21,0.076712,620.0,Call,611.0,621.7,633.35,0.0,False,139.360596,4.205
198,NVDA,2025-03-21,0.076712,640.0,Call,549.07,604.8,616.15,0.0,False,139.360596,4.205
199,NVDA,2025-03-21,0.076712,660.0,Call,472.37,587.3,597.9,0.0,False,139.360596,4.205
200,NVDA,2025-03-21,0.076712,680.0,Call,559.8,572.0,580.05,0.0,False,139.360596,4.205
201,NVDA,2025-03-21,0.076712,700.0,Call,442.0,553.45,562.65,0.0,False,139.360596,4.205
202,NVDA,2025-03-21,0.076712,710.0,Call,484.75,546.15,553.25,0.0,False,139.360596,4.205
203,NVDA,2025-03-21,0.076712,720.0,Call,481.38,537.9,546.1,0.0,False,139.360596,4.205
204,NVDA,2025-03-21,0.076712,730.0,Call,473.37,528.6,537.2,0.0,False,139.360596,4.205
205,NVDA,2025-03-21,0.076712,740.0,Call,524.04,519.85,528.15,0.0,False,139.360596,4.205
206,NVDA,2025-03-21,0.076712,750.0,Call,513.75,511.5,521.55,0.0,False,139.360596,4.205
207,NVDA,2025-03-21,0.076712,760.0,Call,507.88,505.55,512.0,0.0,False,139.360596,4.205
208,NVDA,2025-03-21,0.076712,770.0,Call,505.65,496.0,504.85,0.0,False,139.360596,4.205
209,NVDA,2025-03-21,0.076712,780.0,Call,502.0,487.55,495.5,0.0,False,139.360596,4.205
210,NVDA,2025-03-21,0.076712,790.0,Call,473.15,479.4,488.35,0.0,False,139.360596,4.205
211,NVDA,2025-03-21,0.076712,800.0,Call,473.0,472.35,480.95,0.0,False,139.360596,4.205
212,NVDA,2025-03-21,0.076712,810.0,Call,458.45,463.85,472.55,0.0,False,139.360596,4.205
213,NVDA,2025-03-21,0.076712,820.0,Call,450.8,456.15,463.75,0.0,False,139.360596,4.205
214,NVDA,2025-03-21,0.076712,830.0,Call,441.0,448.85,456.55,0.0,False,139.360596,4.205
215,NVDA,2025-03-21,0.076712,840.0,Call,449.3,441.1,448.7,0.0,False,139.360596,4.205
216,NVDA,2025-03-21,0.076712,850.0,Call,444.0,436.0,440.8,0.0,False,139.360596,4.205
217,NVDA,2025-03-21,0.076712,860.0,Call,419.63,428.3,435.2,0.0,False,139.360596,4.205
218,NVDA,2025-03-21,0.076712,880.0,Call,405.24,413.5,420.3,0.0,False,139.360596,4.205
219,NVDA,2025-03-21,0.076712,900.0,Call,406.93,399.6,404.85,0.0,False,139.360596,4.205
220,NVDA,2025-03-21,0.076712,920.0,Call,380.0,382.35,392.85,0.0,False,139.360596,4.205
221,NVDA,2025-03-21,0.076712,940.0,Call,367.8,369.2,378.75,0.0,False,139.360596,4.205
222,NVDA,2025-03-21,0.076712,960.0,Call,361.4,356.35,365.55,0.0,False,139.360596,4.205
223,NVDA,2025-03-21,0.076712,980.0,Call,344.7,345.65,351.9,0.0,False,139.360596,4.205
224,NVDA,2025-03-21,0.076712,1000.0,Call,332.17,331.6,339.95,0.0,False,139.360596,4.205
225,NVDA,2025-03-21,0.076712,1020.0,Call,315.0,321.85,325.1,0.0,False,139.360596,4.205
226,NVDA,2025-03-21,0.076712,1040.0,Call,311.57,310.0,313.9,0.0,False,139.360596,4.205
227,NVDA,2025-03-21,0.076712,1060.0,Call,291.74,298.4,301.65,0.0,False,139.360596,4.205
228,NVDA,2025-03-21,0.076712,1080.0,Call,290.84,287.25,290.5,0.0,False,139.360596,4.205
229,NVDA,2025-03-21,0.076712,1100.0,Call,277.9,276.6,279.55,0.0,False,139.360596,4.205
230,NVDA,2025-03-21,0.076712,1120.0,Call,267.31,265.8,269.15,0.0,False,139.360596,4.205
231,NVDA,2025-03-21,0.076712,1140.0,Call,256.62,255.6,259.65,0.0,False,139.360596,4.205
232,NVDA,2025-03-21,0.076712,1160.0,Call,249.0,245.6,249.15,0.0,False,139.360596,4.205
233,NVDA,2025-03-21,0.076712,1180.0,Call,239.64,236.2,240.45,0.0,False,139.360596,4.205
234,NVDA,2025-03-21,0.076712,1200.0,Call,229.43,227.3,230.15,0.0,False,139.360596,4.205
235,NVDA,2025-03-21,0.076712,1220.0,Call,224.36,218.25,221.45,0.0,False,139.360596,4.205
236,NVDA,2025-03-21,0.076712,1240.0,Call,211.81,209.4,212.85,0.0,False,139.360596,4.205
237,NVDA,2025-03-21,0.076712,1260.0,Call,202.68,201.1,205.0,0.0,False,139.360596,4.205
238,NVDA,2025-03-21,0.076712,1280.0,Call,196.1,193.1,196.6,0.0,False,139.360596,4.205
239,NVDA,2025-03-21,0.076712,1300.0,Call,187.58,185.7,188.55,0.0,False,139.360596,4.205
240,NVDA,2025-03-21,0.076712,1320.0,Call,179.45,177.95,181.3,0.0,False,139.360596,4.205
241,NVDA,2025-03-21,0.076712,1340.0,Call,168.0,170.65,174.15,0.0,False,139.360596,4.205
242,NVDA,2025-03-21,0.076712,1360.0,Call,166.54,163.85,167.05,0.0,False,139.360596,4.205
243,NVDA,2025-03-21,0.076712,1370.0,Call,160.0,161.3,163.4,0.0,False,139.360596,4.205
244,NVDA,2025-03-21,0.076712,1380.0,Call,149.35,158.05,160.15,0.0,False,139.360596,4.205
245,NVDA,2025-03-21,0.076712,1390.0,Call,151.71,154.8,156.95,0.0,False,139.360596,4.205
246,NVDA,2025-03-21,0.076712,1400.0,Call,153.27,151.9,153.65,0.0,False,139.360596,4.205
247,NVDA,2025-03-21,0.076712,1410.0,Call,124.33,148.6,151.05,0.0,False,139.360596,4.205
248,NVDA,2025-03-21,0.076712,1420.0,Call,147.15,145.5,147.6,0.0,False,139.360596,4.205
249,NVDA,2025-03-21,0.076712,1430.0,Call,150.0,142.5,144.65,0.0,False,139.360596,4.205
250,NVDA,2025-03-21,0.076712,1440.0,Call,105.6,139.6,141.7,0.0,False,139.360596,4.205
251,NVDA,2025-03-21,0.076712,1450.0,Call,138.4,137.0,138.65,20.27539428894043,False,139.360596,4.205
252,NVDA,2025-03-21,0.076712,1460.0,Call,135.98,133.95,135.95,17.816410682373046,False,139.360596,4.205
253,NVDA,2025-03-21,0.076712,1470.0,Call,137.8,131.25,133.25,16.603520436401368,False,139.360596,4.205
254,NVDA,2025-03-21,0.076712,1480.0,Call,137.5,128.6,130.6,15.756836089477538,False,139.360596,4.205
255,NVDA,2025-03-21,0.076712,1490.0,Call,130.2,125.9,127.95,15.082520104675293,False,139.360596,4.205
256,NVDA,2025-03-21,0.076712,1500.0,Call,124.67,123.35,125.2,14.526856389465333,False,139.360596,4.205
257,NVDA,2025-03-21,0.076712,1510.0,Call,123.8,120.7,122.8,14.068848863220216,False,139.360596,4.205
258,NVDA,2025-03-21,0.076712,1520.0,Call,120.8,118.35,120.25,13.67382957885742,False,139.360596,4.205
259,NVDA,2025-03-21,0.076712,1530.0,Call,113.7,115.75,117.85,13.309327853546144,False,139.360596,4.205
260,NVDA,2025-03-21,0.076712,1540.0,Call,114.0,113.6,115.5,13.008790932006836,False,139.360596,4.205
261,NVDA,2025-03-21,0.076712,1550.0,Call,108.25,111.3,113.05,12.714113381805422,False,139.360596,4.205
262,NVDA,2025-03-21,0.076712,1560.0,Call,106.83,108.75,110.85,12.43872292892456,False,139.360596,4.205
263,NVDA,2025-03-21,0.076712,1570.0,Call,103.43,106.65,108.65,12.204592215881348,False,139.360596,4.205
264,NVDA,2025-03-21,0.076712,1580.0,Call,110.0,104.5,106.35,11.974611890869141,False,139.360596,4.205
265,NVDA,2025-03-21,0.076712,1590.0,Call,102.1,102.35,104.15,11.76050069656372,False,139.360596,4.205
266,NVDA,2025-03-21,0.076712,1600.0,Call,100.72,100.2,102.0,11.558352385406495,False,139.360596,4.205
267,NVDA,2025-03-21,0.076712,1610.0,Call,99.42,98.15,100.05,11.378176716766358,False,139.360596,4.205
268,NVDA,2025-03-21,0.076712,1620.0,Call,76.8,96.05,98.0,11.197512767181397,False,139.360596,4.205
269,NVDA,2025-03-21,0.076712,1630.0,Call,92.15,94.05,96.0,11.029544122161866,False,139.360596,4.205
270,NVDA,2025-03-21,0.076712,1640.0,Call,99.66,92.15,94.1,10.875125273361206,False,139.360596,4.205
271,NVDA,2025-03-21,0.076712,1650.0,Call,91.6,90.4,92.1,10.727054076843263,False,139.360596,4.205
272,NVDA,2025-03-21,0.076712,1660.0,Call,86.6,88.45,90.3,10.582767057647708,False,139.360596,4.205
273,NVDA,2025-03-21,0.076712,1670.0,Call,54.38,86.5,88.5,10.442020075302125,False,139.360596,4.205
274,NVDA,2025-03-21,0.076712,1680.0,Call,76.95,84.95,86.75,10.321780892639163,False,139.360596,4.205
275,NVDA,2025-03-21,0.076712,1690.0,Call,78.61,83.25,84.75,10.188602264938353,False,139.360596,4.205
276,NVDA,2025-03-21,0.076712,1700.0,Call,82.59,81.45,83.3,10.074954875030521,False,139.360596,4.205
277,NVDA,2025-03-21,0.076712,1710.0,Call,81.4,79.9,81.75,9.96850962905884,False,139.360596,4.205
278,NVDA,2025-03-21,0.076712,1720.0,Call,73.82,78.2,79.75,9.84228900482178,False,139.360596,4.205
279,NVDA,2025-03-21,0.076712,1730.0,Call,52.4,76.6,78.15,9.735721688613893,False,139.360596,4.205
280,NVDA,2025-03-21,0.076712,1740.0,Call,82.5,75.05,76.95,9.646488345947265,False,139.360596,4.205
281,NVDA,2025-03-21,0.076712,1750.0,Call,75.05,72.8,75.3,9.518436668167116,False,139.360596,4.205
282,NVDA,2025-03-21,0.076712,1760.0,Call,70.2,72.1,73.9,9.453861513214111,False,139.360596,4.205
283,NVDA,2025-03-21,0.076712,1770.0,Call,68.55,70.6,72.05,9.34717212677002,False,139.360596,4.205
284,NVDA,2025-03-21,0.076712,1780.0,Call,67.15,69.1,71.0,9.268680964889526,False,139.360596,4.205
285,NVDA,2025-03-21,0.076712,1790.0,Call,67.5,67.65,69.55,9.179203481750488,False,139.360596,4.205
286,NVDA,2025-03-21,0.076712,1800.0,Call,70.18,66.4,68.1,9.096928142547608,False,139.360596,4.205
287,NVDA,2025-03-21,0.076712,1810.0,Call,63.8,65.1,66.85,9.020268034210204,False,139.360596,4.205
288,NVDA,2025-03-21,0.076712,1820.0,Call,59.1,63.65,65.5,8.936039571228026,False,139.360596,4.205
289,NVDA,2025-03-21,0.076712,1830.0,Call,62.85,62.25,63.85,8.844242753601074,False,139.360596,4.205
290,NVDA,2025-03-21,0.076712,1840.0,Call,56.3,61.0,62.95,8.781986933135986,False,139.360596,4.205
291,NVDA,2025-03-21,0.076712,1850.0,Call,62.5,60.0,61.65,8.715214513931272,False,139.360596,4.205
292,NVDA,2025-03-21,0.076712,1860.0,Call,43.65,58.55,60.55,8.640629599609372,False,139.360596,4.205
293,NVDA,2025-03-21,0.076712,1870.0,Call,56.5,57.75,59.35,8.583989010009766,False,139.360596,4.205
294,NVDA,2025-03-21,0.076712,1880.0,Call,55.7,56.25,57.85,8.495732229232786,False,139.360596,4.205
295,NVDA,2025-03-21,0.076712,1890.0,Call,58.9,54.5,57.1,8.423588719635006,False,139.360596,4.205
296,NVDA,2025-03-21,0.076712,1900.0,Call,54.77,54.15,55.5,8.368901253814695,False,139.360596,4.205
297,NVDA,2025-03-21,0.076712,1910.0,Call,52.0,53.0,54.9,8.320683510513305,False,139.360596,4.205
298,NVDA,2025-03-21,0.076712,1920.0,Call,51.63,52.0,53.85,8.263066359024048,False,139.360596,4.205
299,NVDA,2025-03-21,0.076712,1930.0,Call,51.3,50.9,52.8,8.202397451629636,False,139.360596,4.205
300,NVDA,2025-03-21,0.076712,1940.0,Call,53.7,49.3,51.7,8.124394570693969,False,139.360596,4.205
301,NVDA,2025-03-21,0.076712,1950.0,Call,50.5,49.1,50.7,8.093510800933839,False,139.360596,4.205
302,NVDA,2025-03-21,0.076712,2000.0,Call,44.47,44.45,46.0,7.833496301879883,False,139.360596,4.205
303,NVDA,2025-03-21,0.076712,2050.0,Call,41.0,40.6,41.65,7.6073002955627445,False,139.360596,4.205
304,NVDA,2025-03-21,0.076712,2100.0,Call,36.82,36.8,37.95,7.399658953552247,False,139.360596,4.205
305,NVDA,2025-03-21,0.076712,2120.0,Call,38.42,35.4,36.65,7.324952015686035,False,139.360596,4.205
306,NVDA,2025-03-21,0.076712,2130.0,Call,36.35,34.7,36.3,7.296997949066162,False,139.360596,4.205
307,NVDA,2025-03-21,0.076712,2150.0,Call,36.47,33.65,35.0,7.232666974792481,False,139.360596,4.205
308,NVDA,2025-03-21,0.076712,2160.0,Call,42.12,32.9,34.1,7.1846934019470226,False,139.360596,4.205
309,NVDA,2025-03-21,0.076712,2170.0,Call,43.95,32.3,33.5,7.151246178131105,False,139.360596,4.205
310,NVDA,2025-03-21,0.076712,2200.0,Call,33.31,30.85,31.7,7.061158400115968,False,139.360596,4.205
311,NVDA,2025-03-21,0.076712,2220.0,Call,31.81,29.3,30.65,6.985596971130371,False,139.360596,4.205
312,NVDA,2025-03-21,0.076712,2230.0,Call,32.31,29.35,30.45,6.986329392089844,False,139.360596,4.205
313,NVDA,2025-03-21,0.076712,2240.0,Call,27.72,28.6,29.55,6.936158556365967,False,139.360596,4.205
314,NVDA,2025-03-21,0.076712,2250.0,Call,30.0,28.35,29.3,6.924806031494141,False,139.360596,4.205
315,NVDA,2025-03-21,0.076712,2260.0,Call,28.8,27.85,28.55,6.887696702880859,False,139.360596,4.205
316,NVDA,2025-03-21,0.076712,2270.0,Call,27.81,27.35,28.4,6.8709730909729005,False,139.360596,4.205
317,NVDA,2025-03-21,0.076712,2280.0,Call,27.4,26.85,27.65,6.8334975518798835,False,139.360596,4.205
318,NVDA,2025-03-21,0.076712,2300.0,Call,28.1,25.55,26.9,6.773072822723389,False,139.360596,4.205
319,NVDA,2025-03-21,0.076712,2350.0,Call,24.2,23.45,24.7,6.6473405580139175,False,139.360596,4.205
320,NVDA,2025-03-21,0.076712,2400.0,Call,22.25,21.85,22.6,6.538453975372315,False,139.360596,4.205
321,NVDA,2025-03-21,0.076712,2450.0,Call,20.66,20.1,21.05,6.439821286163331,False,139.360596,4.205
322,NVDA,2025-03-21,0.076712,2500.0,Call,19.3,18.6,19.65,6.352419051666259,False,139.360596,4.205
323,NVDA,2025-03-21,0.076712,5.0,Put,0.01,0.0,0.01,3.6250009375000003,False,139.360596,4.205
324,NVDA,2025-03-21,0.076712,10.0,Put,0.01,0.0,0.01,2.8750028125,False,139.360596,4.205
325,NVDA,2025-03-21,0.076712,15.0,Put,0.01,0.0,0.01,2.3750040624999995,False,139.360596,4.205
326,NVDA,2025-03-21,0.076712,20.0,Put,0.01,0.0,0.01,2.0625048437499998,False,139.360596,4.205
327,NVDA,2025-03-21,0.076712,25.0,Put,0.01,0.0,0.01,1.875000625,False,139.360596,4.205
328,NVDA,2025-03-21,0.076712,30.0,Put,0.01,0.0,0.01,1.65625171875,False,139.360596,4.205
329,NVDA,2025-03-21,0.076712,32.0,Put,0.01,0.0,0.01,1.5937520312499998,False,139.360596,4.205
330,NVDA,2025-03-21,0.076712,33.0,Put,0.01,0.0,0.01,1.5625021874999998,False,139.360596,4.205
331,NVDA,2025-03-21,0.076712,34.0,Put,0.01,0.0,0.01,1.5312523437499999,False,139.360596,4.205
332,NVDA,2025-03-21,0.076712,35.0,Put,0.01,0.0,0.01,1.5000025,False,139.360596,4.205
333,NVDA,2025-03-21,0.076712,36.0,Put,0.01,0.0,0.01,1.46875265625,False,139.360596,4.205
334,NVDA,2025-03-21,0.076712,37.0,Put,0.02,0.0,0.01,1.4375028125,False,139.360596,4.205
335,NVDA,2025-03-21,0.076712,38.0,Put,0.01,0.0,0.01,1.40625296875,False,139.360596,4.205
336,NVDA,2025-03-21,0.076712,39.0,Put,0.01,0.01,0.02,1.5156274218749999,False,139.360596,4.205
337,NVDA,2025-03-21,0.076712,40.0,Put,0.01,0.01,0.02,1.484377578125,False,139.360596,4.205
338,NVDA,2025-03-21,0.076712,41.0,Put,0.01,0.01,0.02,1.453127734375,False,139.360596,4.205
339,NVDA,2025-03-21,0.076712,42.0,Put,0.01,0.01,0.02,1.421877890625,False,139.360596,4.205
340,NVDA,2025-03-21,0.076712,43.0,Put,0.01,0.01,0.02,1.40625296875,False,139.360596,4.205
341,NVDA,2025-03-21,0.076712,44.0,Put,0.01,0.01,0.02,1.3750031249999999,False,139.360596,4.205
342,NVDA,2025-03-21,0.076712,45.0,Put,0.01,0.01,0.02,1.3437532812499997,False,139.360596,4.205
343,NVDA,2025-03-21,0.076712,46.0,Put,0.01,0.01,0.02,1.3281283593749997,False,139.360596,4.205
344,NVDA,2025-03-21,0.076712,47.0,Put,0.02,0.01,0.02,1.2968785156249998,False,139.360596,4.205
345,NVDA,2025-03-21,0.076712,48.0,Put,0.01,0.02,0.03,1.3359408203124996,False,139.360596,4.205
346,NVDA,2025-03-21,0.076712,49.0,Put,0.02,0.02,0.03,1.3125034374999998,False,139.360596,4.205
347,NVDA,2025-03-21,0.076712,50.0,Put,0.02,0.02,0.03,1.2890660546875,False,139.360596,4.205
348,NVDA,2025-03-21,0.076712,52.0,Put,0.02,0.02,0.03,1.2421912890624998,False,139.360596,4.205
349,NVDA,2025-03-21,0.076712,54.0,Put,0.02,0.03,0.04,1.2343788281249999,False,139.360596,4.205
350,NVDA,2025-03-21,0.076712,55.0,Put,0.03,0.03,0.04,1.2109414453124998,False,139.360596,4.205
351,NVDA,2025-03-21,0.076712,56.0,Put,0.03,0.03,0.04,1.19141029296875,False,139.360596,4.205
352,NVDA,2025-03-21,0.076712,58.0,Put,0.04,0.04,0.05,1.1796916015624999,False,139.360596,4.205
353,NVDA,2025-03-21,0.076712,60.0,Put,0.03,0.04,0.05,1.1367230664062502,False,139.360596,4.205
354,NVDA,2025-03-21,0.076712,62.0,Put,0.05,0.04,0.05,1.09375453125,False,139.360596,4.205
355,NVDA,2025-03-21,0.076712,64.0,Put,0.06,0.05,0.06,1.0781296093750001,False,139.360596,4.205
356,NVDA,2025-03-21,0.076712,65.0,Put,0.04,0.06,0.07,1.0781296093750001,False,139.360596,4.205
357,NVDA,2025-03-21,0.076712,66.0,Put,0.05,0.06,0.07,1.05859845703125,False,139.360596,4.205
358,NVDA,2025-03-21,0.076712,68.0,Put,0.05,0.07,0.08,1.0371141894531253,False,139.360596,4.205
359,NVDA,2025-03-21,0.076712,70.0,Put,0.09,0.07,0.08,0.99804689453125,False,139.360596,4.205
360,NVDA,2025-03-21,0.076712,71.0,Put,0.07,0.09,0.1,1.0078174609375,False,139.360596,4.205
361,NVDA,2025-03-21,0.076712,72.0,Put,0.09,0.09,0.1,0.9882813671875,False,139.360596,4.205
362,NVDA,2025-03-21,0.076712,73.0,Put,0.1,0.1,0.11,0.98242205078125,False,139.360596,4.205
363,NVDA,2025-03-21,0.076712,74.0,Put,0.1,0.1,0.11,0.9648441015625,False,139.360596,4.205
364,NVDA,2025-03-21,0.076712,75.0,Put,0.11,0.11,0.12,0.9570316796874999,False,139.360596,4.205
365,NVDA,2025-03-21,0.076712,76.0,Put,0.12,0.12,0.13,0.9492192578124999,False,139.360596,4.205
366,NVDA,2025-03-21,0.076712,77.0,Put,0.1,0.12,0.13,0.929688203125,False,139.360596,4.205
367,NVDA,2025-03-21,0.076712,78.0,Put,0.12,0.13,0.14,0.92187578125,False,139.360596,4.205
368,NVDA,2025-03-21,0.076712,79.0,Put,0.14,0.14,0.15,0.91211025390625,False,139.360596,4.205
369,NVDA,2025-03-21,0.076712,80.0,Put,0.15,0.15,0.16,0.9023447265625,False,139.360596,4.205
370,NVDA,2025-03-21,0.076712,81.0,Put,0.16,0.16,0.17,0.89257919921875,False,139.360596,4.205
371,NVDA,2025-03-21,0.076712,82.0,Put,0.17,0.17,0.18,0.8818371191406249,False,139.360596,4.205
372,NVDA,2025-03-21,0.076712,83.0,Put,0.17,0.18,0.19,0.8710950390625,False,139.360596,4.205
373,NVDA,2025-03-21,0.076712,84.0,Put,0.19,0.19,0.2,0.85937640625,False,139.360596,4.205
374,NVDA,2025-03-21,0.076712,85.0,Put,0.2,0.2,0.21,0.848634326171875,False,139.360596,4.205
375,NVDA,2025-03-21,0.076712,86.0,Put,0.22,0.21,0.22,0.8369156933593749,False,139.360596,4.205
376,NVDA,2025-03-21,0.076712,88.0,Put,0.25,0.24,0.25,0.8183611914062499,False,139.360596,4.205
377,NVDA,2025-03-21,0.076712,90.0,Put,0.27,0.27,0.28,0.79883013671875,False,139.360596,4.205
378,NVDA,2025-03-21,0.076712,92.0,Put,0.31,0.3,0.31,0.7773459765625,False,139.360596,4.205
379,NVDA,2025-03-21,0.076712,94.0,Put,0.36,0.34,0.35,0.7587914746093751,False,139.360596,4.205
380,NVDA,2025-03-21,0.076712,95.0,Put,0.36,0.36,0.37,0.7490259472656251,False,139.360596,4.205
381,NVDA,2025-03-21,0.076712,96.0,Put,0.4,0.38,0.4,0.7402369726562499,False,139.360596,4.205
382,NVDA,2025-03-21,0.076712,98.0,Put,0.47,0.43,0.44,0.72070591796875,False,139.360596,4.205
383,NVDA,2025-03-21,0.076712,100.0,Put,0.5,0.49,0.5,0.7036162451171876,False,139.360596,4.205
384,NVDA,2025-03-21,0.076712,102.0,Put,0.58,0.56,0.58,0.6884796777343751,False,139.360596,4.205
385,NVDA,2025-03-21,0.076712,104.0,Put,0.65,0.65,0.66,0.6733431103515627,False,139.360596,4.205
386,NVDA,2025-03-21,0.076712,105.0,Put,0.7,0.69,0.7,0.6645541357421877,False,139.360596,4.205
387,NVDA,2025-03-21,0.076712,106.0,Put,0.81,0.74,0.75,0.657229990234375,False,139.360596,4.205
388,NVDA,2025-03-21,0.076712,108.0,Put,0.87,0.86,0.88,0.6450230810546875,False,139.360596,4.205
389,NVDA,2025-03-21,0.076712,110.0,Put,1.01,1.0,1.02,0.632816171875,False,139.360596,4.205
390,NVDA,2025-03-21,0.076712,112.0,Put,1.19,1.17,1.18,0.6208534008789064,False,139.360596,4.205
391,NVDA,2025-03-21,0.076712,114.0,Put,1.39,1.37,1.39,0.6113320117187502,False,139.360596,4.205
392,NVDA,2025-03-21,0.076712,115.0,Put,1.51,1.49,1.5,0.6069375244140626,False,139.360596,4.205
393,NVDA,2025-03-21,0.076712,116.0,Put,1.69,1.61,1.62,0.6020547607421877,False,139.360596,4.205
394,NVDA,2025-03-21,0.076712,118.0,Put,1.9,1.9,1.91,0.5949747534179688,False,139.360596,4.205
395,NVDA,2025-03-21,0.076712,120.0,Put,2.26,2.22,2.24,0.5874064697265625,False,139.360596,4.205
396,NVDA,2025-03-21,0.076712,122.0,Put,2.62,2.61,2.64,0.5822795678710937,False,139.360596,4.205
397,NVDA,2025-03-21,0.076712,124.0,Put,3.1,3.05,3.1,0.5773968041992188,False,139.360596,4.205
398,NVDA,2025-03-21,0.076712,125.0,Put,3.3,3.25,3.35,0.573368524169922,False,139.360596,4.205
399,NVDA,2025-03-21,0.076712,126.0,Put,3.6,3.55,3.6,0.5722699023437501,False,139.360596,4.205
400,NVDA,2025-03-21,0.076712,128.0,Put,4.32,4.1,4.2,0.5681195532226562,False,139.360596,4.205
401,NVDA,2025-03-21,0.076712,130.0,Put,4.78,4.75,4.8,0.5632367895507813,False,139.360596,4.205
402,NVDA,2025-03-21,0.076712,132.0,Put,5.45,5.5,5.55,0.5623823059082032,False,139.360596,4.205
403,NVDA,2025-03-21,0.076712,134.0,Put,6.27,6.2,6.25,0.5534712622070312,False,139.360596,4.205
404,NVDA,2025-03-21,0.076712,135.0,Put,6.65,6.6,6.65,0.5506636730957033,False,139.360596,4.205
405,NVDA,2025-03-21,0.076712,136.0,Put,7.11,7.05,7.15,0.5516402258300781,False,139.360596,4.205
406,NVDA,2025-03-21,0.076712,137.0,Put,7.5,7.55,7.6,0.5513960876464845,False,139.360596,4.205
407,NVDA,2025-03-21,0.076712,138.0,Put,8.0,8.0,8.1,0.5499312585449221,False,139.360596,4.205
408,NVDA,2025-03-21,0.076712,139.0,Put,8.4,8.45,8.55,0.5457809094238282,False,139.360596,4.205
409,NVDA,2025-03-21,0.076712,140.0,Put,9.0,8.9,8.95,0.5389450402832032,True,139.360596,4.205
410,NVDA,2025-03-21,0.076712,141.0,Put,10.1,9.45,9.55,0.5404098693847659,True,139.360596,4.205
411,NVDA,2025-03-21,0.076712,142.0,Put,9.95,10.0,10.05,0.5376022802734376,True,139.360596,4.205
412,NVDA,2025-03-21,0.076712,143.0,Put,10.55,10.55,10.65,0.5368698657226563,True,139.360596,4.205
413,NVDA,2025-03-21,0.076712,144.0,Put,11.2,11.1,11.2,0.5333298620605469,True,139.360596,4.205
414,NVDA,2025-03-21,0.076712,145.0,Put,11.75,11.65,11.75,0.5286912365722658,True,139.360596,4.205
415,NVDA,2025-03-21,0.076712,146.0,Put,13.1,12.35,12.4,0.5308884802246094,True,139.360596,4.205
416,NVDA,2025-03-21,0.076712,147.0,Put,13.4,12.9,12.95,0.5239305419921875,True,139.360596,4.205
417,NVDA,2025-03-21,0.076712,148.0,Put,14.3,13.55,13.65,0.5239305419921875,True,139.360596,4.205
418,NVDA,2025-03-21,0.076712,149.0,Put,14.3,14.3,14.4,0.5279588220214844,True,139.360596,4.205
419,NVDA,2025-03-21,0.076712,150.0,Put,14.9,14.85,14.95,0.5173388110351562,True,139.360596,4.205
420,NVDA,2025-03-21,0.076712,151.0,Put,15.6,15.5,15.6,0.5122119091796875,True,139.360596,4.205
421,NVDA,2025-03-21,0.076712,152.0,Put,17.3,16.25,16.35,0.5129443237304687,True,139.360596,4.205
422,NVDA,2025-03-21,0.076712,153.0,Put,17.5,16.95,17.05,0.5089160437011719,True,139.360596,4.205
423,NVDA,2025-03-21,0.076712,154.0,Put,18.6,17.7,17.8,0.5075732836914062,True,139.360596,4.205
424,NVDA,2025-03-21,0.076712,155.0,Put,18.45,18.45,18.55,0.5050098327636718,True,139.360596,4.205
425,NVDA,2025-03-21,0.076712,156.0,Put,20.76,19.25,19.35,0.5052539709472657,True,139.360596,4.205
426,NVDA,2025-03-21,0.076712,157.0,Put,21.8,20.0,20.1,0.5003712072753908,True,139.360596,4.205
427,NVDA,2025-03-21,0.076712,158.0,Put,21.5,20.8,20.9,0.5026905200195313,True,139.360596,4.205
428,NVDA,2025-03-21,0.076712,159.0,Put,21.55,21.6,21.7,0.4997608618164063,True,139.360596,4.205
429,NVDA,2025-03-21,0.076712,160.0,Put,22.3,22.4,22.55,0.5002491381835938,True,139.360596,4.205
430,NVDA,2025-03-21,0.076712,161.0,Put,23.5,23.2,23.3,0.4899953344726563,True,139.360596,4.205
431,NVDA,2025-03-21,0.076712,162.0,Put,25.13,24.1,24.2,0.493291199951172,True,139.360596,4.205
432,NVDA,2025-03-21,0.076712,163.0,Put,26.5,24.95,25.05,0.4904836108398438,True,139.360596,4.205
433,NVDA,2025-03-21,0.076712,164.0,Put,27.25,25.7,25.8,0.47461462890625,True,139.360596,4.205
434,NVDA,2025-03-21,0.076712,165.0,Put,26.75,26.65,26.8,0.48682153808593753,True,139.360596,4.205
435,NVDA,2025-03-21,0.076712,166.0,Put,28.46,27.35,27.7,0.48633326171875,True,139.360596,4.205
436,NVDA,2025-03-21,0.076712,167.0,Put,28.75,28.3,28.55,0.47827670166015623,True,139.360596,4.205
437,NVDA,2025-03-21,0.076712,168.0,Put,31.65,29.15,29.6,0.4963429272460938,True,139.360596,4.205
438,NVDA,2025-03-21,0.076712,169.0,Put,32.3,29.95,30.5,0.49341326904296884,True,139.360596,4.205
439,NVDA,2025-03-21,0.076712,170.0,Put,31.25,31.05,31.25,0.46484910156250003,True,139.360596,4.205
440,NVDA,2025-03-21,0.076712,171.0,Put,33.5,31.85,32.15,0.45654840332031255,True,139.360596,4.205
441,NVDA,2025-03-21,0.076712,172.0,Put,31.5,32.8,33.15,0.46631393066406257,True,139.360596,4.205
442,NVDA,2025-03-21,0.076712,173.0,Put,39.45,33.75,34.2,0.4858449853515625,True,139.360596,4.205
443,NVDA,2025-03-21,0.076712,174.0,Put,46.17,34.7,35.0,0.45313046875,True,139.360596,4.205
444,NVDA,2025-03-21,0.076712,175.0,Put,35.9,35.65,35.95,0.44922425781249997,True,139.360596,4.205
445,NVDA,2025-03-21,0.076712,176.0,Put,53.85,36.45,37.05,0.48340360351562506,True,139.360596,4.205
446,NVDA,2025-03-21,0.076712,177.0,Put,52.05,37.35,37.9,0.45264219238281256,True,139.360596,4.205
447,NVDA,2025-03-21,0.076712,178.0,Put,39.7,38.5,38.9,0.46143116699218756,True,139.360596,4.205
448,NVDA,2025-03-21,0.076712,179.0,Put,57.7,39.4,39.85,0.45313046875,True,139.360596,4.205
449,NVDA,2025-03-21,0.076712,180.0,Put,41.15,40.5,40.9,0.47852083984375,True,139.360596,4.205
450,NVDA,2025-03-21,0.076712,181.0,Put,41.95,41.35,41.85,0.46973186523437505,True,139.360596,4.205
451,NVDA,2025-03-21,0.076712,182.0,Put,63.25,42.2,42.8,0.4580132324218751,True,139.360596,4.205
452,NVDA,2025-03-21,0.076712,183.0,Put,44.35,43.2,43.8,0.46582565429687506,True,139.360596,4.205
453,NVDA,2025-03-21,0.076712,184.0,Put,43.45,44.35,44.7,0.414068359375,True,139.360596,4.205
454,NVDA,2025-03-21,0.076712,185.0,Put,63.0,45.2,45.6,1.0000000000000003e-05,True,139.360596,4.205
455,NVDA,2025-03-21,0.076712,186.0,Put,67.55,46.2,46.6,1.0000000000000003e-05,True,139.360596,4.205
456,NVDA,2025-03-21,0.076712,187.0,Put,69.4,47.2,47.65,0.3632876171875,True,139.360596,4.205
457,NVDA,2025-03-21,0.076712,188.0,Put,70.3,48.2,48.65,0.367193828125,True,139.360596,4.205
458,NVDA,2025-03-21,0.076712,189.0,Put,67.5,49.2,49.55,1.0000000000000003e-05,True,139.360596,4.205
459,NVDA,2025-03-21,0.076712,190.0,Put,50.45,50.2,50.75,0.49121602539062503,True,139.360596,4.205
460,NVDA,2025-03-21,0.076712,191.0,Put,72.25,51.15,51.55,1.0000000000000003e-05,True,139.360596,4.205
461,NVDA,2025-03-21,0.076712,192.0,Put,74.95,52.2,52.5,1.0000000000000003e-05,True,139.360596,4.205
462,NVDA,2025-03-21,0.076712,193.0,Put,73.9,53.1,53.8,0.5400436621093752,True,139.360596,4.205
463,NVDA,2025-03-21,0.076712,194.0,Put,47.2,54.0,54.55,1.0000000000000003e-05,True,139.360596,4.205
464,NVDA,2025-03-21,0.076712,195.0,Put,54.15,55.1,55.45,1.0000000000000003e-05,True,139.360596,4.205
465,NVDA,2025-03-21,0.076712,200.0,Put,61.4,60.1,60.45,1.0000000000000003e-05,True,139.360596,4.205
466,NVDA,2025-03-21,0.076712,205.0,Put,67.54,83.7,86.35,2.344242420654296,True,139.360596,4.205
467,NVDA,2025-03-21,0.076712,210.0,Put,79.05,69.85,70.7,0.57812921875,True,139.360596,4.205
468,NVDA,2025-03-21,0.076712,212.0,Put,72.45,93.65,94.25,2.5479772628784176,True,139.360596,4.205
469,NVDA,2025-03-21,0.076712,213.0,Put,61.7,0.0,0.0,1.0000000000000003e-05,True,139.360596,4.205
470,NVDA,2025-03-21,0.076712,214.0,Put,75.4,95.3,95.85,2.54602414276123,True,139.360596,4.205
471,NVDA,2025-03-21,0.076712,215.0,Put,79.8,75.75,76.6,0.8256853369140623,True,139.360596,4.205
472,NVDA,2025-03-21,0.076712,216.0,Put,75.73,97.25,98.2,2.5773961346435543,True,139.360596,4.205
473,NVDA,2025-03-21,0.076712,217.0,Put,77.8,98.0,99.35,2.5849644750976566,True,139.360596,4.205
474,NVDA,2025-03-21,0.076712,218.0,Put,79.1,99.0,100.25,2.5924107455444334,True,139.360596,4.205
475,NVDA,2025-03-21,0.076712,219.0,Put,79.75,100.25,101.15,2.6079136364746094,True,139.360596,4.205
476,NVDA,2025-03-21,0.076712,220.0,Put,84.0,80.75,81.6,0.8598646826171875,True,139.360596,4.205
477,NVDA,2025-03-21,0.076712,221.0,Put,84.6,100.3,101.6,2.5153845709228513,True,139.360596,4.205
478,NVDA,2025-03-21,0.076712,222.0,Put,82.7,103.0,103.95,2.6246372274780274,True,139.360596,4.205
479,NVDA,2025-03-21,0.076712,223.0,Put,76.5,88.35,89.65,1.5153832824707032,True,139.360596,4.205
480,NVDA,2025-03-21,0.076712,224.0,Put,80.8,104.95,106.2,2.6516146990966796,True,139.360596,4.205
481,NVDA,2025-03-21,0.076712,225.0,Put,85.25,106.05,107.4,2.6715121102905277,True,139.360596,4.205
482,NVDA,2025-03-21,0.076712,226.0,Put,84.9,91.3,92.4,1.5278343920898436,True,139.360596,4.205
483,NVDA,2025-03-21,0.076712,227.0,Put,90.15,106.3,107.6,2.5761754345703123,True,139.360596,4.205
484,NVDA,2025-03-21,0.076712,228.0,Put,108.3,88.1,88.75,0.726565234375,True,139.360596,4.205
485,NVDA,2025-03-21,0.076712,230.0,Put,90.31,108.75,112.65,2.6546664492797856,True,139.360596,4.205
486,NVDA,2025-03-21,0.076712,235.0,Put,93.0,0.0,0.0,1.0000000000000003e-05,True,139.360596,4.205
487,NVDA,2025-03-21,0.076712,240.0,Put,93.35,120.95,122.55,2.817507839050293,True,139.360596,4.205
488,NVDA,2025-03-21,0.076712,245.0,Put,107.15,104.9,105.55,1.0000000000000003e-05,True,139.360596,4.205
489,NVDA,2025-03-21,0.076712,250.0,Put,108.0,130.9,132.4,2.8997830239868163,True,139.360596,4.205
490,NVDA,2025-03-21,0.076712,255.0,Put,118.6,133.75,137.0,2.858157151489258,True,139.360596,4.205
491,NVDA,2025-03-21,0.076712,260.0,Put,116.4,141.05,142.25,2.983278908996582,True,139.360596,4.205
492,NVDA,2025-03-21,0.076712,265.0,Put,128.95,143.75,146.05,2.907351364440918,True,139.360596,4.205
493,NVDA,2025-03-21,0.076712,290.0,Put,146.07,0.0,0.0,1.0000000000000003e-05,True,139.360596,4.205
494,NVDA,2025-03-21,0.076712,300.0,Put,164.55,159.9,160.55,1.0000000000000003e-05,True,139.360596,4.205
495,NVDA,2025-03-21,0.076712,320.0,Put,1.1,0.9,1.35,1.0000000000000003e-05,True,139.360596,4.205
496,NVDA,2025-03-21,0.076712,330.0,Put,1.25,0.76,1.63,1.0000000000000003e-05,True,139.360596,4.205
497,NVDA,2025-03-21,0.076712,340.0,Put,4.55,0.76,2.44,1.0000000000000003e-05,True,139.360596,4.205
498,NVDA,2025-03-21,0.076712,350.0,Put,1.5,1.2,1.73,1.0000000000000003e-05,True,139.360596,4.205
499,NVDA,2025-03-21,0.076712,360.0,Put,1.81,1.09,1.98,1.0000000000000003e-05,True,139.360596,4.205
500,NVDA,2025-03-21,0.076712,370.0,Put,3.0,1.21,2.11,1.0000000000000003e-05,True,139.360596,4.205
501,NVDA,2025-03-21,0.076712,380.0,Put,2.4,1.35,2.26,1.0000000000000003e-05,True,139.360596,4.205
502,NVDA,2025-03-21,0.076712,390.0,Put,2.15,1.75,2.3,1.0000000000000003e-05,True,139.360596,4.205
503,NVDA,2025-03-21,0.076712,400.0,Put,2.11,1.72,2.25,1.0000000000000003e-05,True,139.360596,4.205
504,NVDA,2025-03-21,0.076712,410.0,Put,2.88,1.81,2.59,1.0000000000000003e-05,True,139.360596,4.205
505,NVDA,2025-03-21,0.076712,420.0,Put,2.63,1.99,2.81,1.0000000000000003e-05,True,139.360596,4.205
506,NVDA,2025-03-21,0.076712,430.0,Put,2.79,2.18,3.15,1.0000000000000003e-05,True,139.360596,4.205
507,NVDA,2025-03-21,0.076712,440.0,Put,3.1,2.38,3.4,1.0000000000000003e-05,True,139.360596,4.205
508,NVDA,2025-03-21,0.076712,450.0,Put,3.3,2.76,3.25,1.0000000000000003e-05,True,139.360596,4.205
509,NVDA,2025-03-21,0.076712,460.0,Put,3.45,2.88,3.75,1.0000000000000003e-05,True,139.360596,4.205
510,NVDA,2025-03-21,0.076712,470.0,Put,3.4,3.05,4.15,1.0000000000000003e-05,True,139.360596,4.205
511,NVDA,2025-03-21,0.076712,480.0,Put,4.0,3.35,4.45,1.0000000000000003e-05,True,139.360596,4.205
512,NVDA,2025-03-21,0.076712,490.0,Put,4.6,3.6,4.75,1.0000000000000003e-05,True,139.360596,4.205
513,NVDA,2025-03-21,0.076712,500.0,Put,4.52,4.25,4.65,1.0000000000000003e-05,True,139.360596,4.205
514,NVDA,2025-03-21,0.076712,520.0,Put,5.35,5.0,5.65,1.0000000000000003e-05,True,139.360596,4.205
515,NVDA,2025-03-21,0.076712,540.0,Put,5.5,5.3,6.2,1.0000000000000003e-05,True,139.360596,4.205
516,NVDA,2025-03-21,0.076712,560.0,Put,7.5,6.45,7.1,1.0000000000000003e-05,True,139.360596,4.205
517,NVDA,2025-03-21,0.076712,580.0,Put,7.85,7.2,8.15,1.0000000000000003e-05,True,139.360596,4.205
518,NVDA,2025-03-21,0.076712,600.0,Put,9.2,9.0,9.5,1.0000000000000003e-05,True,139.360596,4.205
519,NVDA,2025-03-21,0.076712,620.0,Put,10.52,10.0,10.65,1.0000000000000003e-05,True,139.360596,4.205
520,NVDA,2025-03-21,0.076712,640.0,Put,12.15,11.45,12.3,1.0000000000000003e-05,True,139.360596,4.205
521,NVDA,2025-03-21,0.076712,660.0,Put,13.85,12.9,14.25,1.0000000000000003e-05,True,139.360596,4.205
522,NVDA,2025-03-21,0.076712,680.0,Put,15.63,15.15,15.85,1.0000000000000003e-05,True,139.360596,4.205
523,NVDA,2025-03-21,0.076712,700.0,Put,18.25,17.25,18.15,1.0000000000000003e-05,True,139.360596,4.205
524,NVDA,2025-03-21,0.076712,710.0,Put,18.97,18.4,19.0,1.0000000000000003e-05,True,139.360596,4.205
525,NVDA,2025-03-21,0.076712,720.0,Put,19.87,19.6,20.2,1.0000000000000003e-05,True,139.360596,4.205
526,NVDA,2025-03-21,0.076712,730.0,Put,22.14,20.85,22.0,1.0000000000000003e-05,True,139.360596,4.205
527,NVDA,2025-03-21,0.076712,740.0,Put,24.67,22.15,23.15,1.0000000000000003e-05,True,139.360596,4.205
528,NVDA,2025-03-21,0.076712,750.0,Put,23.97,23.55,24.35,1.0000000000000003e-05,True,139.360596,4.205
529,NVDA,2025-03-21,0.076712,760.0,Put,25.32,24.95,25.7,1.0000000000000003e-05,True,139.360596,4.205
530,NVDA,2025-03-21,0.076712,770.0,Put,27.21,26.45,28.0,1.0000000000000003e-05,True,139.360596,4.205
531,NVDA,2025-03-21,0.076712,780.0,Put,31.26,28.1,29.35,1.0000000000000003e-05,True,139.360596,4.205
532,NVDA,2025-03-21,0.076712,790.0,Put,30.4,29.75,30.75,1.0000000000000003e-05,True,139.360596,4.205
533,NVDA,2025-03-21,0.076712,800.0,Put,32.0,31.1,32.85,1.0000000000000003e-05,True,139.360596,4.205
534,NVDA,2025-03-21,0.076712,810.0,Put,35.17,33.3,34.7,1.0000000000000003e-05,True,139.360596,4.205
535,NVDA,2025-03-21,0.076712,820.0,Put,37.5,35.2,36.15,1.0000000000000003e-05,True,139.360596,4.205
536,NVDA,2025-03-21,0.076712,830.0,Put,40.84,37.1,38.05,1.0000000000000003e-05,True,139.360596,4.205
537,NVDA,2025-03-21,0.076712,840.0,Put,39.94,39.25,40.35,1.0000000000000003e-05,True,139.360596,4.205
538,NVDA,2025-03-21,0.076712,850.0,Put,41.86,41.4,42.3,1.0000000000000003e-05,True,139.360596,4.205
539,NVDA,2025-03-21,0.076712,860.0,Put,45.47,43.55,44.65,1.0000000000000003e-05,True,139.360596,4.205
540,NVDA,2025-03-21,0.076712,880.0,Put,51.25,48.3,49.25,1.0000000000000003e-05,True,139.360596,4.205
541,NVDA,2025-03-21,0.076712,900.0,Put,53.69,53.3,54.3,1.0000000000000003e-05,True,139.360596,4.205
542,NVDA,2025-03-21,0.076712,920.0,Put,59.35,58.65,60.0,1.0000000000000003e-05,True,139.360596,4.205
543,NVDA,2025-03-21,0.076712,940.0,Put,69.59,64.35,65.55,1.0000000000000003e-05,True,139.360596,4.205
544,NVDA,2025-03-21,0.076712,960.0,Put,72.03,70.45,71.7,1.0000000000000003e-05,True,139.360596,4.205
545,NVDA,2025-03-21,0.076712,980.0,Put,83.5,76.85,77.95,1.0000000000000003e-05,True,139.360596,4.205
546,NVDA,2025-03-21,0.076712,1000.0,Put,85.2,83.5,84.75,1.0000000000000003e-05,True,139.360596,4.205
547,NVDA,2025-03-21,0.076712,1020.0,Put,93.3,90.55,92.25,1.0000000000000003e-05,True,139.360596,4.205
548,NVDA,2025-03-21,0.076712,1040.0,Put,98.65,98.1,99.55,1.0000000000000003e-05,True,139.360596,4.205
549,NVDA,2025-03-21,0.076712,1060.0,Put,108.39,105.9,107.55,1.0000000000000003e-05,True,139.360596,4.205
550,NVDA,2025-03-21,0.076712,1080.0,Put,121.0,114.05,115.8,1.0000000000000003e-05,True,139.360596,4.205
551,NVDA,2025-03-21,0.076712,1100.0,Put,123.43,122.5,124.45,1.0000000000000003e-05,True,139.360596,4.205
552,NVDA,2025-03-21,0.076712,1120.0,Put,132.39,131.5,133.7,1.0000000000000003e-05,True,139.360596,4.205
553,NVDA,2025-03-21,0.076712,1140.0,Put,151.4,140.8,142.65,1.0000000000000003e-05,True,139.360596,4.205
554,NVDA,2025-03-21,0.076712,1160.0,Put,153.3,150.4,152.25,1.0000000000000003e-05,True,139.360596,4.205
555,NVDA,2025-03-21,0.076712,1180.0,Put,160.5,160.35,162.5,1.0000000000000003e-05,True,139.360596,4.205
556,NVDA,2025-03-21,0.076712,1200.0,Put,176.05,170.6,172.75,1.0000000000000003e-05,True,139.360596,4.205
557,NVDA,2025-03-21,0.076712,1220.0,Put,187.32,181.25,183.75,1.0000000000000003e-05,True,139.360596,4.205
558,NVDA,2025-03-21,0.076712,1240.0,Put,225.18,192.15,194.85,1.0000000000000003e-05,True,139.360596,4.205
559,NVDA,2025-03-21,0.076712,1260.0,Put,215.45,203.5,206.15,1.0000000000000003e-05,True,139.360596,4.205
560,NVDA,2025-03-21,0.076712,1280.0,Put,252.0,214.95,217.85,1.0000000000000003e-05,True,139.360596,4.205
561,NVDA,2025-03-21,0.076712,1300.0,Put,222.04,227.2,229.7,1.0000000000000003e-05,True,139.360596,4.205
562,NVDA,2025-03-21,0.076712,1340.0,Put,247.45,251.35,256.0,1.0000000000000003e-05,True,139.360596,4.205
563,NVDA,2025-03-21,0.076712,1360.0,Put,271.61,264.25,267.05,1.0000000000000003e-05,True,139.360596,4.205
564,NVDA,2025-03-21,0.076712,1370.0,Put,312.95,270.85,273.75,1.0000000000000003e-05,True,139.360596,4.205
565,NVDA,2025-03-21,0.076712,1380.0,Put,455.73,277.4,282.25,1.0000000000000003e-05,True,139.360596,4.205
566,NVDA,2025-03-21,0.076712,1390.0,Put,506.65,284.15,288.8,1.0000000000000003e-05,True,139.360596,4.205
567,NVDA,2025-03-21,0.076712,1400.0,Put,326.6,290.9,297.4,1.0000000000000003e-05,True,139.360596,4.205
568,NVDA,2025-03-21,0.076712,1410.0,Put,479.84,295.8,301.75,1.0000000000000003e-05,True,139.360596,4.205
569,NVDA,2025-03-21,0.076712,1420.0,Put,321.75,302.55,311.65,1.0000000000000003e-05,True,139.360596,4.205
570,NVDA,2025-03-21,0.076712,1430.0,Put,498.3,309.7,318.55,1.0000000000000003e-05,True,139.360596,4.205
571,NVDA,2025-03-21,0.076712,1440.0,Put,517.9,316.6,325.7,1.0000000000000003e-05,True,139.360596,4.205
572,NVDA,2025-03-21,0.076712,1450.0,Put,515.77,323.65,332.1,1.0000000000000003e-05,True,139.360596,4.205
573,NVDA,2025-03-21,0.076712,1460.0,Put,594.2,576.9,587.3,1.0000000000000003e-05,True,139.360596,4.205
574,NVDA,2025-03-21,0.076712,1470.0,Put,586.73,583.95,597.5,1.0000000000000003e-05,True,139.360596,4.205
575,NVDA,2025-03-21,0.076712,1480.0,Put,458.37,345.1,353.7,1.0000000000000003e-05,True,139.360596,4.205
576,NVDA,2025-03-21,0.076712,1490.0,Put,602.2,606.7,612.95,1.0000000000000003e-05,True,139.360596,4.205
577,NVDA,2025-03-21,0.076712,1500.0,Put,380.0,359.95,367.7,1.0000000000000003e-05,True,139.360596,4.205
578,NVDA,2025-03-21,0.076712,1510.0,Put,691.11,0.0,0.0,1.0000000000000003e-05,True,139.360596,4.205
579,NVDA,2025-03-21,0.076712,1520.0,Put,616.55,641.2,653.95,1.0000000000000003e-05,True,139.360596,4.205
580,NVDA,2025-03-21,0.076712,1530.0,Put,627.6,698.4,713.8,1.0000000000000003e-05,True,139.360596,4.205
581,NVDA,2025-03-21,0.076712,1540.0,Put,638.1,658.25,670.1,1.0000000000000003e-05,True,139.360596,4.205
582,NVDA,2025-03-21,0.076712,1550.0,Put,416.0,397.6,405.75,1.0000000000000003e-05,True,139.360596,4.205
583,NVDA,2025-03-21,0.076712,1560.0,Put,657.0,405.4,414.5,1.0000000000000003e-05,True,139.360596,4.205
584,NVDA,2025-03-21,0.076712,1570.0,Put,666.55,413.1,421.9,1.0000000000000003e-05,True,139.360596,4.205
585,NVDA,2025-03-21,0.076712,1580.0,Put,658.8,808.0,826.0,1.0000000000000003e-05,True,139.360596,4.205
586,NVDA,2025-03-21,0.076712,1590.0,Put,729.8,715.45,727.8,1.0000000000000003e-05,True,139.360596,4.205
587,NVDA,2025-03-21,0.076712,1600.0,Put,658.0,437.0,445.2,1.0000000000000003e-05,True,139.360596,4.205
588,NVDA,2025-03-21,0.076712,1610.0,Put,790.98,0.0,0.0,1.0000000000000003e-05,True,139.360596,4.205
589,NVDA,2025-03-21,0.076712,1620.0,Put,712.4,734.1,747.0,1.0000000000000003e-05,True,139.360596,4.205
590,NVDA,2025-03-21,0.076712,1650.0,Put,751.6,763.1,776.55,1.0000000000000003e-05,True,139.360596,4.205
591,NVDA,2025-03-21,0.076712,1660.0,Put,782.95,534.9,545.2,1.0000000000000003e-05,True,139.360596,4.205
592,NVDA,2025-03-21,0.076712,1680.0,Put,639.07,503.4,511.1,1.0000000000000003e-05,True,139.360596,4.205
593,NVDA,2025-03-21,0.076712,1690.0,Put,812.6,589.75,605.2,1.0000000000000003e-05,True,139.360596,4.205
594,NVDA,2025-03-21,0.076712,1700.0,Put,616.67,518.9,528.4,1.0000000000000003e-05,True,139.360596,4.205
595,NVDA,2025-03-21,0.076712,1710.0,Put,846.8,831.05,850.0,1.0000000000000003e-05,True,139.360596,4.205
596,NVDA,2025-03-21,0.076712,1720.0,Put,808.35,832.3,850.0,1.0000000000000003e-05,True,139.360596,4.205
597,NVDA,2025-03-21,0.076712,1740.0,Put,837.65,852.3,870.0,1.0000000000000003e-05,True,139.360596,4.205
598,NVDA,2025-03-21,0.076712,1760.0,Put,847.5,872.35,890.0,1.0000000000000003e-05,True,139.360596,4.205
599,NVDA,2025-03-21,0.076712,1780.0,Put,862.17,577.1,585.1,1.0000000000000003e-05,True,139.360596,4.205
600,NVDA,2025-03-21,0.076712,1790.0,Put,912.5,685.55,699.9,1.0000000000000003e-05,True,139.360596,4.205
601,NVDA,2025-03-21,0.076712,1800.0,Put,710.47,605.35,615.6,1.0000000000000003e-05,True,139.360596,4.205
602,NVDA,2025-03-21,0.076712,1810.0,Put,856.35,1004.0,1022.0,1.0000000000000003e-05,True,139.360596,4.205
603,NVDA,2025-03-21,0.076712,1830.0,Put,908.95,1058.0,1078.0,1.0000000000000003e-05,True,139.360596,4.205
604,NVDA,2025-03-21,0.076712,1880.0,Put,833.62,679.7,688.3,1.0000000000000003e-05,True,139.360596,4.205
605,NVDA,2025-03-21,0.076712,1900.0,Put,1028.2,750.05,768.0,1.0000000000000003e-05,True,139.360596,4.205
606,NVDA,2025-03-21,0.076712,2000.0,Put,853.89,789.75,803.6,1.0000000000000003e-05,True,139.360596,4.205
607,NVDA,2025-03-21,0.076712,2050.0,Put,899.07,837.8,851.2,1.0000000000000003e-05,True,139.360596,4.205
608,NVDA,2025-03-21,0.076712,2100.0,Put,947.78,886.05,899.8,1.0000000000000003e-05,True,139.360596,4.205
609,NVDA,2025-03-21,0.076712,2120.0,Put,967.42,905.8,919.65,1.0000000000000003e-05,True,139.360596,4.205
610,NVDA,2025-03-21,0.076712,2130.0,Put,934.72,915.55,929.45,1.0000000000000003e-05,True,139.360596,4.205
611,NVDA,2025-03-21,0.076712,2150.0,Put,953.62,934.5,949.85,1.0000000000000003e-05,True,139.360596,4.205
612,NVDA,2025-03-21,0.076712,2160.0,Put,1012.23,945.15,959.85,1.0000000000000003e-05,True,139.360596,4.205
613,NVDA,2025-03-21,0.076712,2200.0,Put,1047.78,983.55,999.55,1.0000000000000003e-05,True,139.360596,4.205
614,NVDA,2025-03-21,0.076712,2220.0,Put,1067.4,1003.8,1019.6,1.0000000000000003e-05,True,139.360596,4.205
615,NVDA,2025-03-21,0.076712,2250.0,Put,1104.6,1032.0,1051.5,1.0000000000000003e-05,True,139.360596,4.205
616,NVDA,2025-04-17,0.150685,5.0,Call,132.95,134.4,135.2,4.554691806640625,True,139.360596,4.205
617,NVDA,2025-04-17,0.150685,10.0,Call,125.56,126.2,129.95,3.6503914990234376,True,139.360596,4.205
618,NVDA,2025-04-17,0.150685,15.0,Call,104.77,124.5,125.3,2.988283779296875,True,139.360596,4.205
619,NVDA,2025-04-17,0.150685,20.0,Call,118.8,119.55,120.35,2.626956557617188,True,139.360596,4.205
620,NVDA,2025-04-17,0.150685,25.0,Call,112.93,114.6,115.4,2.3535197412109365,True,139.360596,4.205
621,NVDA,2025-04-17,0.150685,30.0,Call,109.99,109.6,110.35,2.090825085449218,True,139.360596,4.205
622,NVDA,2025-04-17,0.150685,35.0,Call,105.75,104.7,105.45,1.9375003125,True,139.360596,4.205
623,NVDA,2025-04-17,0.150685,40.0,Call,99.3,99.7,100.55,1.780762814941406,True,139.360596,4.205
624,NVDA,2025-04-17,0.150685,45.0,Call,95.0,94.8,95.6,1.6513689306640624,True,139.360596,4.205
625,NVDA,2025-04-17,0.150685,50.0,Call,90.1,89.75,90.55,1.4907252026367184,True,139.360596,4.205
626,NVDA,2025-04-17,0.150685,55.0,Call,86.32,84.9,85.7,1.4111357568359377,True,139.360596,4.205
627,NVDA,2025-04-17,0.150685,60.0,Call,80.36,79.95,80.6,1.2851598242187499,True,139.360596,4.205
628,NVDA,2025-04-17,0.150685,65.0,Call,75.38,75.1,75.75,1.2138711181640622,True,139.360596,4.205
629,NVDA,2025-04-17,0.150685,70.0,Call,70.55,70.05,70.75,1.1049849438476564,True,139.360596,4.205
630,NVDA,2025-04-17,0.150685,75.0,Call,65.6,65.5,65.65,1.0444383715820313,True,139.360596,4.205
631,NVDA,2025-04-17,0.150685,80.0,Call,61.65,60.5,60.8,0.9650882397460938,True,139.360596,4.205
632,NVDA,2025-04-17,0.150685,85.0,Call,56.0,55.7,55.9,0.9006357592773437,True,139.360596,4.205
633,NVDA,2025-04-17,0.150685,90.0,Call,50.96,50.9,50.95,0.8327653442382811,True,139.360596,4.205
634,NVDA,2025-04-17,0.150685,95.0,Call,44.0,46.1,46.35,0.78711150390625,True,139.360596,4.205
635,NVDA,2025-04-17,0.150685,100.0,Call,41.54,41.3,41.45,0.7209500561523439,True,139.360596,4.205
636,NVDA,2025-04-17,0.150685,105.0,Call,36.8,36.65,36.85,0.6762727685546877,True,139.360596,4.205
637,NVDA,2025-04-17,0.150685,110.0,Call,32.37,32.25,32.45,0.6445348046875,True,139.360596,4.205
638,NVDA,2025-04-17,0.150685,115.0,Call,28.0,28.05,28.2,0.616336844482422,True,139.360596,4.205
639,NVDA,2025-04-17,0.150685,120.0,Call,24.15,24.15,24.25,0.5963175134277343,True,139.360596,4.205
640,NVDA,2025-04-17,0.150685,125.0,Call,20.45,20.35,20.5,0.572391971435547,True,139.360596,4.205
641,NVDA,2025-04-17,0.150685,130.0,Call,16.95,17.05,17.15,0.5587202331542969,True,139.360596,4.205
642,NVDA,2025-04-17,0.150685,135.0,Call,14.02,14.1,14.2,0.5486495330810548,True,139.360596,4.205
643,NVDA,2025-04-17,0.150685,140.0,Call,11.48,11.5,11.55,0.5387009020996094,False,139.360596,4.205
644,NVDA,2025-04-17,0.150685,145.0,Call,9.25,9.25,9.3,0.5311326184082032,False,139.360596,4.205
645,NVDA,2025-04-17,0.150685,150.0,Call,7.33,7.35,7.4,0.5250291638183593,False,139.360596,4.205
646,NVDA,2025-04-17,0.150685,155.0,Call,5.76,5.7,5.8,0.5177050183105469,False,139.360596,4.205
647,NVDA,2025-04-17,0.150685,160.0,Call,4.5,4.45,4.5,0.5142870837402342,False,139.360596,4.205
648,NVDA,2025-04-17,0.150685,165.0,Call,3.45,3.45,3.5,0.5130663928222656,False,139.360596,4.205
649,NVDA,2025-04-17,0.150685,170.0,Call,2.66,2.64,2.66,0.5102588037109376,False,139.360596,4.205
650,NVDA,2025-04-17,0.150685,175.0,Call,2.04,2.03,2.05,0.510869149169922,False,139.360596,4.205
651,NVDA,2025-04-17,0.150685,180.0,Call,1.57,1.56,1.58,0.5123339782714844,False,139.360596,4.205
652,NVDA,2025-04-17,0.150685,185.0,Call,1.18,1.21,1.23,0.5155077746582031,False,139.360596,4.205
653,NVDA,2025-04-17,0.150685,190.0,Call,0.97,0.94,0.96,0.5190477783203125,False,139.360596,4.205
654,NVDA,2025-04-17,0.150685,195.0,Call,0.72,0.74,0.76,0.5239305419921875,False,139.360596,4.205
655,NVDA,2025-04-17,0.150685,200.0,Call,0.6,0.59,0.61,0.5300339965820313,False,139.360596,4.205
656,NVDA,2025-04-17,0.150685,210.0,Call,0.4,0.38,0.4,0.5424850439453126,False,139.360596,4.205
657,NVDA,2025-04-17,0.150685,220.0,Call,0.28,0.26,0.27,0.5566450585937501,False,139.360596,4.205
658,NVDA,2025-04-17,0.150685,230.0,Call,0.19,0.18,0.19,0.5708050732421875,False,139.360596,4.205
659,NVDA,2025-04-17,0.150685,240.0,Call,0.13,0.13,0.14,0.585941640625,False,139.360596,4.205
660,NVDA,2025-04-17,0.150685,250.0,Call,0.1,0.1,0.11,0.6044961425781252,False,139.360596,4.205
661,NVDA,2025-04-17,0.150685,260.0,Call,0.08,0.07,0.08,0.6152382226562501,False,139.360596,4.205
662,NVDA,2025-04-17,0.150685,280.0,Call,0.05,0.04,0.05,0.6425816992187501,False,139.360596,4.205
663,NVDA,2025-04-17,0.150685,290.0,Call,0.03,0.03,0.04,0.6543003320312502,False,139.360596,4.205
664,NVDA,2025-04-17,0.150685,300.0,Call,0.03,0.02,0.03,0.6601596484375001,False,139.360596,4.205
665,NVDA,2025-04-17,0.150685,5.0,Put,0.01,0.0,0.01,2.6250034375,False,139.360596,4.205
666,NVDA,2025-04-17,0.150685,10.0,Put,0.01,0.0,0.01,2.0625048437499998,False,139.360596,4.205
667,NVDA,2025-04-17,0.150685,15.0,Put,0.01,0.0,0.01,1.75000125,False,139.360596,4.205
668,NVDA,2025-04-17,0.150685,20.0,Put,0.01,0.0,0.01,1.5000025,False,139.360596,4.205
669,NVDA,2025-04-17,0.150685,25.0,Put,0.01,0.0,0.01,1.3437532812499997,False,139.360596,4.205
670,NVDA,2025-04-17,0.150685,30.0,Put,0.02,0.01,0.02,1.3125034374999998,False,139.360596,4.205
671,NVDA,2025-04-17,0.150685,35.0,Put,0.01,0.01,0.02,1.1875040625,False,139.360596,4.205
672,NVDA,2025-04-17,0.150685,40.0,Put,0.02,0.02,0.03,1.125004375,False,139.360596,4.205
673,NVDA,2025-04-17,0.150685,45.0,Put,0.04,0.03,0.04,1.0625046875000002,False,139.360596,4.205
674,NVDA,2025-04-17,0.150685,50.0,Put,0.05,0.05,0.06,1.015629921875,False,139.360596,4.205
675,NVDA,2025-04-17,0.150685,55.0,Put,0.07,0.07,0.08,0.9570316796874999,False,139.360596,4.205
676,NVDA,2025-04-17,0.150685,60.0,Put,0.1,0.09,0.1,0.8984385156249999,False,139.360596,4.205
677,NVDA,2025-04-17,0.150685,65.0,Put,0.12,0.12,0.13,0.84961087890625,False,139.360596,4.205
678,NVDA,2025-04-17,0.150685,70.0,Put,0.16,0.16,0.17,0.8027363476562499,False,139.360596,4.205
679,NVDA,2025-04-17,0.150685,75.0,Put,0.22,0.21,0.22,0.7587914746093751,False,139.360596,4.205
680,NVDA,2025-04-17,0.150685,80.0,Put,0.29,0.28,0.29,0.7187528125,False,139.360596,4.205
681,NVDA,2025-04-17,0.150685,85.0,Put,0.37,0.37,0.38,0.6801789794921876,False,139.360596,4.205
682,NVDA,2025-04-17,0.150685,90.0,Put,0.5,0.49,0.51,0.6450230810546875,False,139.360596,4.205
683,NVDA,2025-04-17,0.150685,95.0,Put,0.67,0.66,0.68,0.6125527026367189,False,139.360596,4.205
684,NVDA,2025-04-17,0.150685,100.0,Put,0.92,0.91,0.93,0.584965087890625,False,139.360596,4.205
685,NVDA,2025-04-17,0.150685,105.0,Put,1.28,1.27,1.28,0.5607954077148438,False,139.360596,4.205
686,NVDA,2025-04-17,0.150685,110.0,Put,1.8,1.78,1.8,0.5413864221191409,False,139.360596,4.205
687,NVDA,2025-04-17,0.150685,115.0,Put,2.52,2.51,2.53,0.5261277856445312,False,139.360596,4.205
688,NVDA,2025-04-17,0.150685,120.0,Put,3.53,3.45,3.55,0.5129443237304687,False,139.360596,4.205
689,NVDA,2025-04-17,0.150685,125.0,Put,4.9,4.75,4.85,0.5026905200195313,False,139.360596,4.205
690,NVDA,2025-04-17,0.150685,130.0,Put,6.45,6.4,6.5,0.49670913452148446,False,139.360596,4.205
691,NVDA,2025-04-17,0.150685,135.0,Put,8.45,8.4,8.5,0.4880422290039063,False,139.360596,4.205
692,NVDA,2025-04-17,0.150685,140.0,Put,10.86,10.8,10.85,0.47876497802734375,True,139.360596,4.205
693,NVDA,2025-04-17,0.150685,145.0,Put,13.6,13.55,13.65,0.4733939379882813,True,139.360596,4.205
694,NVDA,2025-04-17,0.150685,150.0,Put,16.55,16.6,16.7,0.46289599609375004,True,139.360596,4.205
695,NVDA,2025-04-17,0.150685,155.0,Put,21.07,20.15,20.25,0.4603325451660156,True,139.360596,4.205
696,NVDA,2025-04-17,0.150685,160.0,Put,26.16,23.8,23.95,0.4497125341796875,True,139.360596,4.205
697,NVDA,2025-04-17,0.150685,165.0,Put,27.31,27.85,28.1,0.4498346032714844,True,139.360596,4.205
698,NVDA,2025-04-17,0.150685,170.0,Put,33.25,32.05,32.25,0.43445389770507814,True,139.360596,4.205
699,NVDA,2025-04-17,0.150685,175.0,Put,38.25,36.5,36.7,0.4255428540039063,True,139.360596,4.205
700,NVDA,2025-04-17,0.150685,180.0,Put,41.6,41.15,41.3,0.41528905029296875,True,139.360596,4.205
701,NVDA,2025-04-17,0.150685,185.0,Put,45.32,45.65,46.0,0.39893179199218753,True,139.360596,4.205
702,NVDA,2025-04-17,0.150685,190.0,Put,62.17,50.5,50.85,0.3920959228515625,True,139.360596,4.205
703,NVDA,2025-04-17,0.150685,195.0,Put,58.7,55.35,55.6,1.0000000000000003e-05,True,139.360596,4.205
704,NVDA,2025-04-17,0.150685,200.0,Put,61.5,60.25,60.6,1.0000000000000003e-05,True,139.360596,4.205
705,NVDA,2025-04-17,0.150685,210.0,Put,78.4,91.25,91.95,1.8160409588623045,True,139.360596,4.205
706,NVDA,2025-04-17,0.150685,220.0,Put,81.94,80.05,80.75,0.495122236328125,True,139.360596,4.205
707,NVDA,2025-04-17,0.150685,230.0,Put,92.4,89.9,90.65,0.42969320312500003,True,139.360596,4.205
708,NVDA,2025-04-17,0.150685,240.0,Put,104.7,119.3,121.25,1.9741212231445315,True,139.360596,4.205
709,NVDA,2025-04-17,0.150685,280.0,Put,143.35,159.15,160.8,2.1950728717041015,True,139.360596,4.205
710,NVDA,2025-04-17,0.150685,290.0,Put,143.13,149.9,150.6,1.0000000000000003e-05,True,139.360596,4.205
711,NVDA,2025-04-17,0.150685,300.0,Put,159.7,159.9,160.7,0.7226590234375,True,139.360596,4.205
712,NVDA,2025-05-16,0.230137,5.0,Call,134.78,134.45,135.3,3.824219189453125,True,139.360596,4.205
713,NVDA,2025-05-16,0.230137,10.0,Call,106.76,129.5,130.3,2.923830815429688,True,139.360596,4.205
714,NVDA,2025-05-16,0.230137,15.0,Call,106.45,124.7,125.4,2.544925512695312,True,139.360596,4.205
715,NVDA,2025-05-16,0.230137,20.0,Call,110.25,119.65,120.4,2.1845748510742187,True,139.360596,4.205
716,NVDA,2025-05-16,0.230137,25.0,Call,94.7,114.7,115.45,1.955078349609375,True,139.360596,4.205
717,NVDA,2025-05-16,0.230137,30.0,Call,111.22,109.7,110.6,1.78125109375,True,139.360596,4.205
718,NVDA,2025-05-16,0.230137,35.0,Call,99.77,104.85,105.6,1.6352557299804684,True,139.360596,4.205
719,NVDA,2025-05-16,0.230137,40.0,Call,98.37,99.9,100.7,1.5083032397460938,True,139.360596,4.205
720,NVDA,2025-05-16,0.230137,45.0,Call,90.1,94.95,95.75,1.3886749316406248,True,139.360596,4.205
721,NVDA,2025-05-16,0.230137,50.0,Call,91.0,90.05,90.7,1.2749059692382811,True,139.360596,4.205
722,NVDA,2025-05-16,0.230137,55.0,Call,85.98,85.15,85.95,1.206546936035156,True,139.360596,4.205
723,NVDA,2025-05-16,0.230137,60.0,Call,78.05,80.3,81.05,1.1296430236816408,True,139.360596,4.205
724,NVDA,2025-05-16,0.230137,65.0,Call,74.17,75.3,75.95,1.0258837768554687,True,139.360596,4.205
725,NVDA,2025-05-16,0.230137,70.0,Call,70.86,70.75,71.0,0.9790041162109376,True,139.360596,4.205
726,NVDA,2025-05-16,0.230137,75.0,Call,66.0,65.7,66.3,0.9128426684570312,True,139.360596,4.205
727,NVDA,2025-05-16,0.230137,80.0,Call,60.93,60.8,61.2,0.8330094824218748,True,139.360596,4.205
728,NVDA,2025-05-16,0.230137,85.0,Call,56.53,56.25,56.45,0.7976094458007812,True,139.360596,4.205
729,NVDA,2025-05-16,0.230137,90.0,Call,50.6,51.3,51.65,0.7358424853515625,True,139.360596,4.205
730,NVDA,2025-05-16,0.230137,95.0,Call,45.85,46.8,47.05,0.7041045214843751,True,139.360596,4.205
731,NVDA,2025-05-16,0.230137,100.0,Call,42.38,42.1,42.5,0.6616244775390626,True,139.360596,4.205
732,NVDA,2025-05-16,0.230137,105.0,Call,36.99,37.75,37.95,0.6280554772949221,True,139.360596,4.205
733,NVDA,2025-05-16,0.230137,110.0,Call,32.41,33.45,33.65,0.5983926879882813,True,139.360596,4.205
734,NVDA,2025-05-16,0.230137,115.0,Call,29.6,29.45,29.6,0.5772137005615234,True,139.360596,4.205
735,NVDA,2025-05-16,0.230137,120.0,Call,26.0,25.75,25.9,0.5632978240966797,True,139.360596,4.205
736,NVDA,2025-05-16,0.230137,125.0,Call,22.3,22.25,22.4,0.5485884985351563,True,139.360596,4.205
737,NVDA,2025-05-16,0.230137,130.0,Call,19.1,18.9,19.1,0.5314377911376953,True,139.360596,4.205
738,NVDA,2025-05-16,0.230137,135.0,Call,16.24,16.2,16.3,0.5269822692871093,True,139.360596,4.205
739,NVDA,2025-05-16,0.230137,140.0,Call,13.69,13.6,13.7,0.5177050183105469,False,139.360596,4.205
740,NVDA,2025-05-16,0.230137,145.0,Call,11.35,11.35,11.45,0.5112353564453125,False,139.360596,4.205
741,NVDA,2025-05-16,0.230137,150.0,Call,9.45,9.4,9.45,0.5051319018554687,False,139.360596,4.205
742,NVDA,2025-05-16,0.230137,155.0,Call,7.71,7.7,7.8,0.5006763800048828,False,139.360596,4.205
743,NVDA,2025-05-16,0.230137,160.0,Call,6.35,6.35,6.4,0.4998829309082031,False,139.360596,4.205
744,NVDA,2025-05-16,0.230137,165.0,Call,5.15,5.1,5.2,0.49670913452148446,False,139.360596,4.205
745,NVDA,2025-05-16,0.230137,170.0,Call,4.25,4.15,4.25,0.49646499633789065,False,139.360596,4.205
746,NVDA,2025-05-16,0.230137,175.0,Call,3.4,3.35,3.4,0.4931691308593751,False,139.360596,4.205
747,NVDA,2025-05-16,0.230137,180.0,Call,2.76,2.74,2.76,0.4935353381347657,False,139.360596,4.205
748,NVDA,2025-05-16,0.230137,185.0,Call,2.25,2.23,2.25,0.495122236328125,False,139.360596,4.205
749,NVDA,2025-05-16,0.230137,190.0,Call,1.84,1.81,1.84,0.497197410888672,False,139.360596,4.205
750,NVDA,2025-05-16,0.230137,195.0,Call,1.39,1.48,1.5,0.499028447265625,False,139.360596,4.205
751,NVDA,2025-05-16,0.230137,200.0,Call,1.23,1.21,1.23,0.5007374145507812,False,139.360596,4.205
752,NVDA,2025-05-16,0.230137,210.0,Call,0.83,0.83,0.85,0.5080615600585938,False,139.360596,4.205
753,NVDA,2025-05-16,0.230137,220.0,Call,0.59,0.59,0.61,0.5180712255859375,False,139.360596,4.205
754,NVDA,2025-05-16,0.230137,230.0,Call,0.44,0.43,0.44,0.5278367529296876,False,139.360596,4.205
755,NVDA,2025-05-16,0.230137,240.0,Call,0.33,0.31,0.33,0.5371140039062501,False,139.360596,4.205
756,NVDA,2025-05-16,0.230137,250.0,Call,0.23,0.24,0.25,0.5488326367187502,False,139.360596,4.205
757,NVDA,2025-05-16,0.230137,260.0,Call,0.19,0.18,0.19,0.5576216113281252,False,139.360596,4.205
758,NVDA,2025-05-16,0.230137,270.0,Call,0.15,0.14,0.15,0.56836369140625,False,139.360596,4.205
759,NVDA,2025-05-16,0.230137,280.0,Call,0.11,0.1,0.11,0.5722699023437501,False,139.360596,4.205
760,NVDA,2025-05-16,0.230137,290.0,Call,0.09,0.08,0.09,0.5820354296875,False,139.360596,4.205
761,NVDA,2025-05-16,0.230137,300.0,Call,0.08,0.07,0.08,0.5976602734375001,False,139.360596,4.205
762,NVDA,2025-05-16,0.230137,5.0,Put,0.01,0.0,0.01,2.1250046874999997,False,139.360596,4.205
763,NVDA,2025-05-16,0.230137,10.0,Put,0.01,0.0,0.01,1.6875015625,False,139.360596,4.205
764,NVDA,2025-05-16,0.230137,15.0,Put,0.01,0.0,0.01,1.4375028125,False,139.360596,4.205
765,NVDA,2025-05-16,0.230137,20.0,Put,0.01,0.0,0.01,1.2500037499999999,False,139.360596,4.205
766,NVDA,2025-05-16,0.230137,25.0,Put,0.01,0.01,0.02,1.203128984375,False,139.360596,4.205
767,NVDA,2025-05-16,0.230137,30.0,Put,0.03,0.01,0.02,1.0781296093750001,False,139.360596,4.205
768,NVDA,2025-05-16,0.230137,35.0,Put,0.03,0.02,0.03,1.015629921875,False,139.360596,4.205
769,NVDA,2025-05-16,0.230137,40.0,Put,0.03,0.04,0.05,0.9765627343750001,False,139.360596,4.205
770,NVDA,2025-05-16,0.230137,45.0,Put,0.05,0.05,0.06,0.9062509375,False,139.360596,4.205
771,NVDA,2025-05-16,0.230137,50.0,Put,0.08,0.08,0.09,0.867188828125,False,139.360596,4.205
772,NVDA,2025-05-16,0.230137,55.0,Put,0.1,0.1,0.12,0.8164080859374999,False,139.360596,4.205
773,NVDA,2025-05-16,0.230137,60.0,Put,0.15,0.14,0.15,0.773439765625,False,139.360596,4.205
774,NVDA,2025-05-16,0.230137,65.0,Put,0.18,0.19,0.2,0.73437765625,False,139.360596,4.205
775,NVDA,2025-05-16,0.230137,70.0,Put,0.27,0.26,0.27,0.70117486328125,False,139.360596,4.205
776,NVDA,2025-05-16,0.230137,75.0,Put,0.37,0.34,0.35,0.6655306884765627,False,139.360596,4.205
777,NVDA,2025-05-16,0.230137,80.0,Put,0.46,0.44,0.45,0.6313513427734375,False,139.360596,4.205
778,NVDA,2025-05-16,0.230137,85.0,Put,0.61,0.57,0.58,0.5991251025390626,False,139.360596,4.205
779,NVDA,2025-05-16,0.230137,90.0,Put,0.77,0.75,0.77,0.5717816259765626,False,139.360596,4.205
780,NVDA,2025-05-16,0.230137,95.0,Put,1.03,1.01,1.03,0.5481002221679689,False,139.360596,4.205
781,NVDA,2025-05-16,0.230137,100.0,Put,1.4,1.39,1.4,0.5290574438476563,False,139.360596,4.205
782,NVDA,2025-05-16,0.230137,105.0,Put,1.91,1.88,1.91,0.5117236328125,False,139.360596,4.205
783,NVDA,2025-05-16,0.230137,110.0,Put,2.59,2.58,2.61,0.4997608618164063,False,139.360596,4.205
784,NVDA,2025-05-16,0.230137,115.0,Put,3.74,3.5,3.55,0.4897511962890626,False,139.360596,4.205
785,NVDA,2025-05-16,0.230137,120.0,Put,4.72,4.65,4.75,0.48120635986328125,False,139.360596,4.205
786,NVDA,2025-05-16,0.230137,125.0,Put,6.2,6.1,6.2,0.4720511779785156,False,139.360596,4.205
787,NVDA,2025-05-16,0.230137,130.0,Put,8.0,7.9,8.0,0.4655204815673829,False,139.360596,4.205
788,NVDA,2025-05-16,0.230137,135.0,Put,10.05,10.0,10.1,0.45862357788085945,False,139.360596,4.205
789,NVDA,2025-05-16,0.230137,140.0,Put,12.55,12.4,12.5,0.45117736328125,True,139.360596,4.205
790,NVDA,2025-05-16,0.230137,145.0,Put,15.2,15.1,15.2,0.44312080322265623,True,139.360596,4.205
791,NVDA,2025-05-16,0.230137,150.0,Put,18.9,18.15,18.3,0.4384211431884766,True,139.360596,4.205
792,NVDA,2025-05-16,0.230137,155.0,Put,22.2,21.55,21.7,0.43408769042968753,True,139.360596,4.205
793,NVDA,2025-05-16,0.230137,160.0,Put,26.14,25.05,25.25,0.4246883703613281,True,139.360596,4.205
794,NVDA,2025-05-16,0.230137,165.0,Put,30.1,29.0,29.2,0.4219418157958984,True,139.360596,4.205
795,NVDA,2025-05-16,0.230137,170.0,Put,34.85,33.0,33.25,0.41345801391601555,True,139.360596,4.205
796,NVDA,2025-05-16,0.230137,175.0,Put,39.35,37.3,37.55,0.40796490478515623,True,139.360596,4.205
797,NVDA,2025-05-16,0.230137,180.0,Put,43.5,41.6,41.95,0.39771110107421875,True,139.360596,4.205
798,NVDA,2025-05-16,0.230137,185.0,Put,46.5,46.3,46.55,0.3918517846679687,True,139.360596,4.205
799,NVDA,2025-05-16,0.230137,190.0,Put,48.55,50.9,51.15,0.372076591796875,True,139.360596,4.205
800,NVDA,2025-05-16,0.230137,195.0,Put,61.35,55.65,55.95,0.3627993408203125,True,139.360596,4.205
801,NVDA,2025-05-16,0.230137,200.0,Put,59.15,60.5,60.7,0.3086006640625,True,139.360596,4.205
802,NVDA,2025-05-16,0.230137,210.0,Put,64.4,70.1,70.6,1.0000000000000003e-05,True,139.360596,4.205
803,NVDA,2025-05-16,0.230137,220.0,Put,85.9,80.15,80.75,0.40430283203125,True,139.360596,4.205
804,NVDA,2025-05-16,0.230137,230.0,Put,93.2,110.75,112.4,1.601625527038574,True,139.360596,4.205
805,NVDA,2025-05-16,0.230137,240.0,Put,103.17,121.1,122.4,1.6641862493896487,True,139.360596,4.205
806,NVDA,2025-05-16,0.230137,290.0,Put,153.7,169.35,170.6,1.8288582775878903,True,139.360596,4.205
807,NVDA,2025-05-16,0.230137,300.0,Put,176.8,159.85,160.55,1.0000000000000003e-05,True,139.360596,4.205
